Time	sum(Output total – Blocks (ZEC)) – Zcash
28.10.2016	16345040730
29.10.2016	203247970193
30.10.2016	433944799505
31.10.2016	871426337958
01.11.2016	745109580752
02.11.2016	916335023759
03.11.2016	1100923646263
04.11.2016	924956477709
05.11.2016	525765584661
06.11.2016	532096221863
07.11.2016	1145674243207
08.11.2016	674754234459
09.11.2016	835161642283
10.11.2016	869278662469
11.11.2016	802998008076
12.11.2016	881064426296
13.11.2016	942801803657
14.11.2016	1162436698171
15.11.2016	1041698239328
16.11.2016	1287938094396
17.11.2016	1386207498854
18.11.2016	1509658210221
19.11.2016	1457582158805
20.11.2016	1407351383153
21.11.2016	1259087622741
22.11.2016	1374548096484
23.11.2016	1621715136332
24.11.2016	1649959925305
25.11.2016	1904924962443
26.11.2016	1578752370612
27.11.2016	1701089499822
28.11.2016	1684534607168
29.11.2016	1853288783608
30.11.2016	1806502751574
01.12.2016	2047192352016
02.12.2016	2191862177608
03.12.2016	1980274626314
04.12.2016	1850655800331
05.12.2016	2797978869770
06.12.2016	2378898005320
07.12.2016	1962604063596
08.12.2016	1835761566601
09.12.2016	1784856029868
10.12.2016	1733670750024
11.12.2016	2332481542651
12.12.2016	1908062383426
13.12.2016	1957497573495
14.12.2016	3651826164965
15.12.2016	2333888045448
16.12.2016	2027950060512
17.12.2016	2155161234506
18.12.2016	2086530721310
19.12.2016	2211007711526
20.12.2016	3070224890357
21.12.2016	2320573567124
22.12.2016	2822462942608
23.12.2016	3011832946475
24.12.2016	2053496978290
25.12.2016	1942689666470
26.12.2016	1987625569355
27.12.2016	3371941933020
28.12.2016	3957346346440
29.12.2016	2204369617081
30.12.2016	3622160664765
31.12.2016	2161440969241
01.01.2017	2044759369746
02.01.2017	1978092125008
03.01.2017	6278423661961
04.01.2017	2790317275704
05.01.2017	2909386627125
06.01.2017	2718977545027
07.01.2017	3151260434679
08.01.2017	4399973345100
09.01.2017	3488276882616
10.01.2017	2005341420858
11.01.2017	2581137487053
12.01.2017	2926361719403
13.01.2017	2675044507801
14.01.2017	2112418649449
15.01.2017	2657046908396
16.01.2017	2671686004381
17.01.2017	3293825721676
18.01.2017	2611579551065
19.01.2017	3438834290041
20.01.2017	2868093862276
21.01.2017	3514970097649
22.01.2017	2515311198726
23.01.2017	6398013235550
24.01.2017	3749346453741
25.01.2017	4002723950003
26.01.2017	3160567808156
27.01.2017	3162310008157
28.01.2017	2945352615631
29.01.2017	3302334869760
30.01.2017	2799482087047
31.01.2017	2899696487216
01.02.2017	2448460019627
02.02.2017	2769483509632
03.02.2017	2606105485133
04.02.2017	11843602525893
05.02.2017	2410501587258
06.02.2017	2624415110567
07.02.2017	4561782795907
08.02.2017	2771957591466
09.02.2017	2922510567125
10.02.2017	2874896401526
11.02.2017	2450615415868
12.02.2017	2975413455744
13.02.2017	3291115742883
14.02.2017	3042057305783
15.02.2017	4162668078731
16.02.2017	2579660612517
17.02.2017	2353490576422
18.02.2017	3082559367207
19.02.2017	2429484570865
20.02.2017	2685835384883
21.02.2017	2811714351144
22.02.2017	4284097993639
23.02.2017	4516854217042
24.02.2017	3502613557481
25.02.2017	2913952697662
26.02.2017	3034268768639
27.02.2017	3444301931852
28.02.2017	4220257250708
01.03.2017	5666675212871
02.03.2017	7857093293655
03.03.2017	6841692994481
04.03.2017	4156501839313
05.03.2017	3020808270918
06.03.2017	4863060875487
07.03.2017	9758551057303
08.03.2017	5530370251957
09.03.2017	5500882742491
10.03.2017	5834532772863
11.03.2017	6534909968356
12.03.2017	4978460061125
13.03.2017	14098344776845
14.03.2017	5002813626599
15.03.2017	7511160852077
16.03.2017	7945740919679
17.03.2017	10773074110560
18.03.2017	22717726250583
19.03.2017	15113327731839
20.03.2017	17978005386136
21.03.2017	9356590056178
22.03.2017	6624586455972
23.03.2017	5736596177175
24.03.2017	12094354042867
25.03.2017	6331658247685
26.03.2017	4642939987546
27.03.2017	5746896813840
28.03.2017	7806397612008
29.03.2017	5287701753391
30.03.2017	5652787293282
31.03.2017	7954279486264
01.04.2017	3623963446677
02.04.2017	5029749520260
03.04.2017	9376247941963
04.04.2017	7234131292711
05.04.2017	5288199915451
06.04.2017	7469255177514
07.04.2017	5121670781789
08.04.2017	7608581196556
09.04.2017	6962396332128
10.04.2017	5115010681522
11.04.2017	7988631296757
12.04.2017	4012513425784
13.04.2017	4078368883042
14.04.2017	9864448541676
15.04.2017	7768777582009
16.04.2017	4873069389448
17.04.2017	7375659627876
18.04.2017	5571932547236
19.04.2017	4725367940082
20.04.2017	6910280649284
21.04.2017	6051753777465
22.04.2017	7723572007768
23.04.2017	5453080093265
24.04.2017	6493098841742
25.04.2017	6773244265371
26.04.2017	8226299233908
27.04.2017	9336087240715
28.04.2017	13920607725522
29.04.2017	12612150196861
30.04.2017	6107345161988
01.05.2017	23625374907144
02.05.2017	25725782919403
03.05.2017	17933112405357
04.05.2017	23168045397470
05.05.2017	16942039903778
06.05.2017	7947771014644
07.05.2017	8424782868197
08.05.2017	14752990742640
09.05.2017	10284062547167
10.05.2017	6285094991387
11.05.2017	20815034054985
12.05.2017	15403323274629
13.05.2017	4330619446440
14.05.2017	4964599142324
15.05.2017	10092345661306
16.05.2017	6444673411625
17.05.2017	8984395448033
18.05.2017	10317696553338
19.05.2017	16575492842223
20.05.2017	13374043180685
21.05.2017	10435507485354
22.05.2017	20441339066213
23.05.2017	22440590823310
24.05.2017	11684270027848
25.05.2017	12272616603251
26.05.2017	8977411421661
27.05.2017	10674016613624
28.05.2017	8382025744684
29.05.2017	9885219659149
30.05.2017	9504307579944
31.05.2017	10190228196811
01.06.2017	15039055948506
02.06.2017	8266124768785
03.06.2017	5609319838757
04.06.2017	5194098124413
05.06.2017	23295580636013
06.06.2017	29409493963565
07.06.2017	32738784161158
08.06.2017	42584412578510
09.06.2017	16553482192000
10.06.2017	20859527938320
11.06.2017	13327474816084
12.06.2017	11412085612912
13.06.2017	20719786374729
14.06.2017	31170741393122
15.06.2017	14411861312737
16.06.2017	16712533819141
17.06.2017	10819783313679
18.06.2017	12960080027756
19.06.2017	19140655453557
20.06.2017	17284681541609
21.06.2017	12894414686070
22.06.2017	7160580977644
23.06.2017	14456782394928
24.06.2017	9022849968539
25.06.2017	10164710263451
26.06.2017	21645581478689
27.06.2017	54252368189253
28.06.2017	38193815820747
29.06.2017	55828012519301
30.06.2017	52993877148445
01.07.2017	14219152648195
02.07.2017	47221208847265
03.07.2017	40159792758464
04.07.2017	23328251581429
05.07.2017	26279268605604
06.07.2017	40584870245008
07.07.2017	13935185974603
08.07.2017	29639400636866
09.07.2017	11701066498359
10.07.2017	27351810704423
11.07.2017	20468458792355
12.07.2017	31438448194690
13.07.2017	14730589555276
14.07.2017	22175463127654
15.07.2017	35794322461362
16.07.2017	48736971257183
17.07.2017	38622793923172
18.07.2017	35361783664085
19.07.2017	39970046836362
20.07.2017	34944245601888
21.07.2017	42116653844650
22.07.2017	39120747512848
23.07.2017	43015818295714
24.07.2017	26138200446979
25.07.2017	21688928014243
26.07.2017	25555634563373
27.07.2017	24815659779209
28.07.2017	26440159387267
29.07.2017	25395939752916
30.07.2017	26260861516259
31.07.2017	32503508665985
01.08.2017	26535670029098
02.08.2017	36926915020253
03.08.2017	45421213303781
04.08.2017	38293157825486
05.08.2017	41771897647112
06.08.2017	32990247388691
07.08.2017	42114296123315
08.08.2017	46365808137813
09.08.2017	58289324123478
10.08.2017	61890771463015
11.08.2017	56835154053827
12.08.2017	63234803553496
13.08.2017	37024241173021
14.08.2017	59294990970895
15.08.2017	39928345183627
16.08.2017	43004529793113
17.08.2017	106561954927933
18.08.2017	99904558290652
19.08.2017	209031770110697
20.08.2017	134229422937169
21.08.2017	45659361956399
22.08.2017	64748035747117
23.08.2017	56193526885457
24.08.2017	41864560660673
25.08.2017	55351265670418
26.08.2017	99281904452160
27.08.2017	146675585294120
28.08.2017	84685431642902
29.08.2017	51492695110765
30.08.2017	56860202358837
31.08.2017	60679893291702
01.09.2017	60411960318866
02.09.2017	66112299882975
03.09.2017	51455285226237
04.09.2017	51407219851000
05.09.2017	35345767103113
06.09.2017	33554779436052
07.09.2017	35699009126018
08.09.2017	41803555231301
09.09.2017	67400623223845
10.09.2017	35171642000173
11.09.2017	42484728747320
12.09.2017	30560745050588
13.09.2017	63954126982942
14.09.2017	47194386933419
15.09.2017	40146887521866
16.09.2017	18681445159335
17.09.2017	28929391100625
18.09.2017	85158916517698
19.09.2017	392510657157983
20.09.2017	36012497089749
21.09.2017	29727181790847
22.09.2017	30644749972229
23.09.2017	39318277774652
24.09.2017	19575389238068
25.09.2017	44106395991433
26.09.2017	38119926498855
27.09.2017	79776906067888
28.09.2017	121584851267265
29.09.2017	195820798518383
30.09.2017	193200934707921
01.10.2017	121093966947575
02.10.2017	116109708162101
03.10.2017	100316131751878
04.10.2017	115528424099450
05.10.2017	131592800680571
06.10.2017	136965541617542
07.10.2017	116639142915673
08.10.2017	108568658653818
09.10.2017	166603515358234
10.10.2017	130177877209527
11.10.2017	103194486525885
12.10.2017	122322282197401
13.10.2017	141823452847694
14.10.2017	102614469513432
15.10.2017	150709711670418
16.10.2017	143416832140321
17.10.2017	141706124735417
18.10.2017	126769175163102
19.10.2017	102635190164716
20.10.2017	95322319413392
21.10.2017	100079735350516
22.10.2017	101159270979741
23.10.2017	103790400609402
24.10.2017	110954307537522
25.10.2017	67706055237028
26.10.2017	33343708522432
27.10.2017	60641104259566
28.10.2017	33715761847709
29.10.2017	143474209665475
30.10.2017	161058831087806
31.10.2017	136451787316388
01.11.2017	142604940827546
02.11.2017	123865722649203
03.11.2017	133799221156982
04.11.2017	170316244240802
05.11.2017	162594400449101
06.11.2017	122491973673759
07.11.2017	121501694561597
08.11.2017	157066577635247
09.11.2017	114931291722119
10.11.2017	193491181184026
11.11.2017	126032668785287
12.11.2017	122858650973917
13.11.2017	136892830862973
14.11.2017	138481132152526
15.11.2017	231241710652881
16.11.2017	161781087540087
17.11.2017	170721536426760
18.11.2017	123677942018127
19.11.2017	115568873720600
20.11.2017	107603417456803
21.11.2017	143517003231716
22.11.2017	171193951780846
23.11.2017	135060644872178
24.11.2017	157356225682149
25.11.2017	307113483429529
26.11.2017	174029728575309
27.11.2017	136084655918935
28.11.2017	178178304534690
29.11.2017	146514087574722
30.11.2017	187328542741213
01.12.2017	100976144440551
02.12.2017	108690185963431
03.12.2017	135811744108334
04.12.2017	135783177831132
05.12.2017	144358486012064
06.12.2017	267837831331196
07.12.2017	171652232827221
08.12.2017	235127656691078
09.12.2017	148896154310397
10.12.2017	169482477828558
11.12.2017	156243026017880
12.12.2017	210417627622292
13.12.2017	208371740165528
14.12.2017	303372853707192
15.12.2017	132544123013186
16.12.2017	26303514352495
17.12.2017	33196165976113
18.12.2017	130461908954554
19.12.2017	139465713264025
20.12.2017	66592056569138
21.12.2017	38033742080234
22.12.2017	96649108953719
23.12.2017	39058947140457
24.12.2017	86798438746424
25.12.2017	73228673602978
26.12.2017	78582296909945
27.12.2017	47343876942704
28.12.2017	45239189872475
29.12.2017	110147926298299
30.12.2017	157433558338162
31.12.2017	121032107908122
01.01.2018	41695954342948
02.01.2018	370566136520441
03.01.2018	382946258774112
04.01.2018	322883124326136
05.01.2018	250479343040991
06.01.2018	187479724326044
07.01.2018	67648127747508
08.01.2018	44863050378044
09.01.2018	42533027296375
10.01.2018	50353847955637
11.01.2018	116123553954826
12.01.2018	123028694026337
13.01.2018	133301076821981
14.01.2018	177791716671533
15.01.2018	155494578556876
16.01.2018	55216567334276
17.01.2018	85312203110106
18.01.2018	144297073008042
19.01.2018	25447730419175
20.01.2018	20194030392655
21.01.2018	25718875303424
22.01.2018	26701471478943
23.01.2018	67037079026550
24.01.2018	158749226853086
25.01.2018	34246860825966
26.01.2018	269781846977043
27.01.2018	20232130557207
28.01.2018	76930573080807
29.01.2018	172941463618679
30.01.2018	137992161614992
31.01.2018	116009803549388
01.02.2018	100883937077740
02.02.2018	40171840915410
03.02.2018	83371394916089
04.02.2018	80983927629897
05.02.2018	96516249283087
06.02.2018	191140680929460
07.02.2018	133210446093903
08.02.2018	116371699280477
09.02.2018	126650091684722
10.02.2018	79234737810271
11.02.2018	89845834211461
12.02.2018	107962742925458
13.02.2018	85071477757124
14.02.2018	74890473100608
15.02.2018	55616086500025
16.02.2018	66168180029018
17.02.2018	65839966890702
18.02.2018	57641191009646
19.02.2018	66083537374466
20.02.2018	57235092152830
21.02.2018	63269078367877
22.02.2018	84026871741276
23.02.2018	8671175034679
24.02.2018	10792941834836
25.02.2018	5724612113554
26.02.2018	67162571593487
27.02.2018	75143244872846
28.02.2018	66550445723495
01.03.2018	87791355627702
02.03.2018	91329377688831
03.03.2018	67803087912049
04.03.2018	79285252242794
05.03.2018	83290446296900
06.03.2018	60866031855839
07.03.2018	13180785155162
08.03.2018	41432753644243
09.03.2018	158604389902293
10.03.2018	102224504956740
11.03.2018	95163953805488
12.03.2018	88079007918285
13.03.2018	85737742282501
14.03.2018	78576966237936
15.03.2018	78083280990619
16.03.2018	89390899955501
17.03.2018	128076209868662
18.03.2018	92294695402306
19.03.2018	96056345469861
20.03.2018	82383100379103
21.03.2018	114519470144185
22.03.2018	28320943528002
23.03.2018	103349537892089
24.03.2018	154438412266151
25.03.2018	116654630068431
26.03.2018	129093316139406
27.03.2018	97974784761906
28.03.2018	80774826764978
29.03.2018	86202165989825
30.03.2018	55118488089058
31.03.2018	42191954276068
01.04.2018	66823752340910
02.04.2018	81850086317828
03.04.2018	61260414612091
04.04.2018	94521117131248
05.04.2018	15471632945706
06.04.2018	12062664420122
07.04.2018	13987428890529
08.04.2018	8944726318697
09.04.2018	19966937661306
10.04.2018	89785218330109
11.04.2018	152862700210066
12.04.2018	137033383435741
13.04.2018	81693191446612
14.04.2018	54413939825558
15.04.2018	68314287197316
16.04.2018	117874022021695
17.04.2018	84422934995189
18.04.2018	93434304321501
19.04.2018	115605532827653
20.04.2018	92911756115508
21.04.2018	134131082379405
22.04.2018	186514294927867
23.04.2018	195958234813901
24.04.2018	185827612950527
25.04.2018	146517829509047
26.04.2018	103680098183217
27.04.2018	78432807750237
28.04.2018	6946909147354
29.04.2018	10494921868190
30.04.2018	41724397609634
01.05.2018	114530207222270
02.05.2018	121716866650800
03.05.2018	105456434864709
04.05.2018	74644145522106
05.05.2018	54827698122457
06.05.2018	76419846707644
07.05.2018	88298656242472
08.05.2018	77547687694589
09.05.2018	45679170228849
10.05.2018	71131985533165
11.05.2018	58655053363084
12.05.2018	95855576921636
13.05.2018	114902398662530
14.05.2018	136497336908974
15.05.2018	97757665297615
16.05.2018	145449164391480
17.05.2018	51124104505365
18.05.2018	94022053705334
19.05.2018	66815174307162
20.05.2018	68526116507588
21.05.2018	64398814086446
22.05.2018	76612634082126
23.05.2018	151449528057560
24.05.2018	185009066542497
25.05.2018	127434126703778
26.05.2018	83419487741822
27.05.2018	129590410912409
28.05.2018	258234374788653
29.05.2018	148107016671406
30.05.2018	69195365125827
31.05.2018	103921164670472
01.06.2018	247043708536364
02.06.2018	181995169111363
03.06.2018	169346653805995
04.06.2018	56911169925096
05.06.2018	33464849119382
06.06.2018	34418314137769
07.06.2018	22560386381789
08.06.2018	20062705102637
09.06.2018	14423021553581
10.06.2018	26921256151151
11.06.2018	31327986862404
12.06.2018	36827989718722
13.06.2018	85960724613323
14.06.2018	102802282245526
15.06.2018	81091722174202
16.06.2018	46414383335930
17.06.2018	52317130252347
18.06.2018	99307913845785
19.06.2018	50285773763646
20.06.2018	41405032081174
21.06.2018	50835066192995
22.06.2018	82341517369413
23.06.2018	57926870276111
24.06.2018	44226767159246
25.06.2018	39184457844778
26.06.2018	33958086108589
27.06.2018	31225248662140
28.06.2018	45213640120633
29.06.2018	46948304114841
30.06.2018	26330656964397
01.07.2018	20540515501487
02.07.2018	54801043507626
03.07.2018	39522260500911
04.07.2018	43079242914519
05.07.2018	48990253481197
06.07.2018	80271395192826
07.07.2018	47367381290203
08.07.2018	50990377209018
09.07.2018	67078202835657
10.07.2018	59328793010430
11.07.2018	42400561896190
12.07.2018	66269325005223
13.07.2018	87380400313046
14.07.2018	107724762636299
15.07.2018	76780176790162
16.07.2018	125593400902998
17.07.2018	102014810952950
18.07.2018	102968294426302
19.07.2018	60926838078755
20.07.2018	54871103619843
21.07.2018	48303438104696
22.07.2018	54343737235105
23.07.2018	61610417217676
24.07.2018	89624120449414
25.07.2018	68263814452052
26.07.2018	121094491836679
27.07.2018	112664192815148
28.07.2018	59508307866304
29.07.2018	39793228736946
30.07.2018	42280219245608
31.07.2018	42067852640993
01.08.2018	74373474408492
02.08.2018	48425491796309
03.08.2018	66485511603184
04.08.2018	26623098880992
05.08.2018	34742240697347
06.08.2018	46607718488148
07.08.2018	50398750980192
08.08.2018	78473835465299
09.08.2018	52459989239875
10.08.2018	43625803980900
11.08.2018	40161204740657
12.08.2018	23647348124993
13.08.2018	66344863682763
14.08.2018	103659632445193
15.08.2018	68866787345935
16.08.2018	34859158345159
17.08.2018	40634657008358
18.08.2018	25614991839882
19.08.2018	20362518342628
20.08.2018	32936665619545
21.08.2018	66729423107561
22.08.2018	43705701729988
23.08.2018	39497848978513
24.08.2018	21871411593929
25.08.2018	41295828492013
26.08.2018	26158672514327
27.08.2018	47460028230706
28.08.2018	60267626940100
29.08.2018	35716560245068
30.08.2018	31186213982505
31.08.2018	63087665653115
01.09.2018	45204693679710
02.09.2018	27900974372652
03.09.2018	49179682753687
04.09.2018	43727240166884
05.09.2018	59106578753046
06.09.2018	81521404324773
07.09.2018	57863315726532
08.09.2018	52265265438385
09.09.2018	54970000187781
10.09.2018	76653415656851
11.09.2018	87581193988582
12.09.2018	107389725844330
13.09.2018	83846682485463
14.09.2018	53342145200943
15.09.2018	45601449862183
16.09.2018	22341492133153
17.09.2018	45964021832689
18.09.2018	63409855521581
19.09.2018	43584085186827
20.09.2018	81790506267317
21.09.2018	97812569867699
22.09.2018	58234280034182
23.09.2018	52784029184355
24.09.2018	119329137574112
25.09.2018	83793632547363
26.09.2018	94616212914347
27.09.2018	124450990007387
28.09.2018	86683786067463
29.09.2018	60538303163565
30.09.2018	68412029365323
01.10.2018	60766868053519
02.10.2018	54818349308435
03.10.2018	94575801120797
04.10.2018	79216042213285
05.10.2018	86386922399937
06.10.2018	68036240690907
07.10.2018	112539744422050
08.10.2018	73175645176566
09.10.2018	88754396036537
10.10.2018	92468240029670
11.10.2018	112218580412757
12.10.2018	134787073126262
13.10.2018	85183180954438
14.10.2018	100476367710772
15.10.2018	190049727891666
16.10.2018	78262121239363
17.10.2018	62127506891945
18.10.2018	68617248244795
19.10.2018	32386913237366
20.10.2018	79477452376172
21.10.2018	46213393467009
22.10.2018	43898847836344
23.10.2018	57118116685105
24.10.2018	53086793508237
25.10.2018	52196810083150
26.10.2018	66627954770084
27.10.2018	39254330419982
28.10.2018	32446762073850
29.10.2018	58185131534957
30.10.2018	53656745006433
31.10.2018	66423989726302
01.11.2018	47343294540993
02.11.2018	58404441243658
03.11.2018	21986957189110
04.11.2018	34744962518154
05.11.2018	55337492298276
06.11.2018	74214231900167
07.11.2018	52950902855516
08.11.2018	78410546193244
09.11.2018	99882228889082
10.11.2018	81131565675361
11.11.2018	44560627964415
12.11.2018	71538937613991
13.11.2018	72792686768525
14.11.2018	141085099008609
15.11.2018	117203339951334
16.11.2018	54137149138858
17.11.2018	58360198553024
18.11.2018	51170315014439
19.11.2018	160566060829289
20.11.2018	527583363290347
21.11.2018	275974620038280
22.11.2018	151328017663600
23.11.2018	176026501329195
24.11.2018	158833790525553
25.11.2018	120991326662151
26.11.2018	264651962766101
27.11.2018	231394588292822
28.11.2018	232568879491630
29.11.2018	262796772464530
30.11.2018	311966891117368
01.12.2018	139964528313305
02.12.2018	242905400242679
03.12.2018	167938557565830
04.12.2018	120511580747330
05.12.2018	218777547616394
06.12.2018	163114639543881
07.12.2018	217980506110209
08.12.2018	137741868927910
09.12.2018	80418188526123
10.12.2018	146862370116880
11.12.2018	98977570077555
12.12.2018	125674996638051
13.12.2018	193023363765951
14.12.2018	200493871792032
15.12.2018	141964068916797
16.12.2018	108617681395334
17.12.2018	108277007776708
18.12.2018	100145057789749
19.12.2018	373908980334602
20.12.2018	233158624665897
21.12.2018	235608788969083
22.12.2018	145591350901005
23.12.2018	137073272348626
24.12.2018	75453770002202
25.12.2018	68104573955416
26.12.2018	107128319563996
27.12.2018	89997206719817
28.12.2018	91138792925374
29.12.2018	75055137808274
30.12.2018	91980114802365
31.12.2018	62314613684670
01.01.2019	73062137522932
02.01.2019	99192448776405
03.01.2019	82727202711413
04.01.2019	94532502663159
05.01.2019	84751470641834
06.01.2019	121152740516892
07.01.2019	102370988271021
08.01.2019	60904218355333
09.01.2019	77002720375663
10.01.2019	155479140605944
11.01.2019	185380747946553
12.01.2019	80616173502869
13.01.2019	72104914362239
14.01.2019	107120686326050
15.01.2019	148859449642419
16.01.2019	111445079211490
17.01.2019	108157839490911
18.01.2019	75402669386303
19.01.2019	51376991399257
20.01.2019	113138929210871
21.01.2019	123422492949905
22.01.2019	44712963556800
23.01.2019	65083929992618
24.01.2019	93001446853634
25.01.2019	37202273348179
26.01.2019	57618511787243
27.01.2019	38189088611367
28.01.2019	113830427581353
29.01.2019	144189023739193
30.01.2019	80566410129656
31.01.2019	47605667811895
01.02.2019	64242334729317
02.02.2019	55197568416624
03.02.2019	64847314824976
04.02.2019	52494115195986
05.02.2019	34326161162699
06.02.2019	87930394386204
07.02.2019	72856398739910
08.02.2019	96045926654056
09.02.2019	71983528035359
10.02.2019	63818533404075
11.02.2019	134657564302559
12.02.2019	217344460921955
13.02.2019	183085385615513
14.02.2019	104035765922131
15.02.2019	115759982819695
16.02.2019	113024181773854
17.02.2019	166080327877232
18.02.2019	135185544387537
19.02.2019	237277743340229
20.02.2019	160099578293614
21.02.2019	152429047982075
22.02.2019	117957195325032
23.02.2019	213383546473234
24.02.2019	369086934170267
25.02.2019	276961812732972
26.02.2019	169934081945490
27.02.2019	228857857853793
28.02.2019	112476595626718
01.03.2019	94006081338804
02.03.2019	110097801364075
03.03.2019	87149337890021
04.03.2019	345827059778034
05.03.2019	178299738854967
06.03.2019	119156915371725
07.03.2019	124793619876348
08.03.2019	231486636740398
09.03.2019	164702744238848
10.03.2019	85934291907588
11.03.2019	139385094438214
12.03.2019	124047650698627
13.03.2019	86669626393397
14.03.2019	131648527802293
15.03.2019	86968597574054
16.03.2019	114023791545572
17.03.2019	86598643549597
18.03.2019	146415578524584
19.03.2019	147859257461376
20.03.2019	266516868331815
21.03.2019	142089686577306
22.03.2019	177810333493615
23.03.2019	136657173532581
24.03.2019	328388722323171
25.03.2019	191613903494865
26.03.2019	145413132152511
27.03.2019	158271773692803
28.03.2019	115886671345010
29.03.2019	111069717029288
30.03.2019	182878015722953
31.03.2019	136458727048799
01.04.2019	346385757632217
02.04.2019	598898387401691
03.04.2019	335611895454898
04.04.2019	276710611893816
05.04.2019	245157885066951
06.04.2019	174521313458804
07.04.2019	106160817183759
08.04.2019	144482525479330
09.04.2019	140343349003841
10.04.2019	164666850963080
11.04.2019	212470618134066
12.04.2019	162351549354686
13.04.2019	98023608747210
14.04.2019	123527796480536
15.04.2019	138285440948368
16.04.2019	85823977527975
17.04.2019	112971898803843
18.04.2019	248963323224831
19.04.2019	266096647929408
20.04.2019	184175774604024
21.04.2019	179085249953313
22.04.2019	190195487352209
23.04.2019	170414301875806
24.04.2019	182011629650112
25.04.2019	253474368315245
26.04.2019	751572206283138
27.04.2019	332685145426659
28.04.2019	219508636557169
29.04.2019	202444920200577
30.04.2019	175721386469214
01.05.2019	225952231477076
02.05.2019	171712678424625
03.05.2019	195276431182120
04.05.2019	202986812257284
05.05.2019	125883692252455
06.05.2019	185292075653894
07.05.2019	128950264944961
08.05.2019	116344249030632
09.05.2019	191419351065033
10.05.2019	78274204404802
11.05.2019	85766559346422
12.05.2019	77817855015077
13.05.2019	105494140925965
14.05.2019	188158638154729
15.05.2019	306648108232913
16.05.2019	432363359780493
17.05.2019	197553568429832
18.05.2019	108207135296080
19.05.2019	111491981884322
20.05.2019	101434246617933
21.05.2019	157630959158442
22.05.2019	188508085254122
23.05.2019	147249308274125
24.05.2019	126614170610671
25.05.2019	120255622172410
26.05.2019	182706305037627
27.05.2019	355985115361634
28.05.2019	268816880044360
29.05.2019	215108699878930
30.05.2019	300673406079194
31.05.2019	242344793994544
01.06.2019	226483624971284
02.06.2019	166134884743026
03.06.2019	145913748829470
04.06.2019	242766615743383
05.06.2019	226436713620858
06.06.2019	130847101714696
07.06.2019	143365190647992
08.06.2019	109473444062319
09.06.2019	124691420119540
10.06.2019	162426768499170
11.06.2019	147168783234020
12.06.2019	231586407662348
13.06.2019	208081180931405
14.06.2019	263271096607161
15.06.2019	243711603276073
16.06.2019	362831466846542
17.06.2019	465416499012711
18.06.2019	568870648746078
19.06.2019	511028525895046
20.06.2019	323569962010342
21.06.2019	310245383813999
22.06.2019	339542591049549
23.06.2019	259205305285306
24.06.2019	252457400149496
25.06.2019	254950240915556
26.06.2019	297389583742815
27.06.2019	314436067048472
28.06.2019	297573920364593
29.06.2019	228277829253759
30.06.2019	437452419553652
01.07.2019	448275251569235
02.07.2019	390817429470551
03.07.2019	348077962099735
04.07.2019	391607974977807
05.07.2019	398347414257653
06.07.2019	305952639104262
07.07.2019	226673277289893
08.07.2019	264528481364740
09.07.2019	288703093578505
10.07.2019	357953247027970
11.07.2019	215235667892529
12.07.2019	207399593090440
13.07.2019	201176642164592
14.07.2019	365264924693369
15.07.2019	440528946288610
16.07.2019	384962213997877
17.07.2019	335716493922155
18.07.2019	628582786649643
19.07.2019	278957946448908
20.07.2019	140885801316939
21.07.2019	111466958406840
22.07.2019	110952317021804
23.07.2019	135439066893854
24.07.2019	2584907781632165
25.07.2019	451576007269411
26.07.2019	461567578413578
27.07.2019	434079688255510
28.07.2019	467812939239744
29.07.2019	443378467592580
30.07.2019	451638038797850
31.07.2019	439994949332714
01.08.2019	387217196876184
02.08.2019	365146579507152
03.08.2019	474499390357226
04.08.2019	320844644652669
05.08.2019	400243967958519
06.08.2019	520841646598812
07.08.2019	388147998874575
08.08.2019	446083148320956
09.08.2019	278447148073593
10.08.2019	240140102811321
11.08.2019	216917734972912
12.08.2019	229024951839911
13.08.2019	267402103667975
14.08.2019	340908957113648
15.08.2019	311429131372954
16.08.2019	234762266195514
17.08.2019	176204200149122
18.08.2019	134887277591462
19.08.2019	213211809313608
20.08.2019	159377299644738
21.08.2019	305692179356290
22.08.2019	525723208560818
23.08.2019	454923999649741
24.08.2019	381701698413226
25.08.2019	402180942895733
26.08.2019	479857416608597
27.08.2019	379581221283457
28.08.2019	420594448444244
29.08.2019	467253853407162
30.08.2019	433515992879527
31.08.2019	378633864094330
01.09.2019	396081254220279
02.09.2019	379687478272016
03.09.2019	528871050384205
04.09.2019	388705178380331
05.09.2019	275709918131656
06.09.2019	307414580977752
07.09.2019	258283778103424
08.09.2019	222714349297318
09.09.2019	242212624666812
10.09.2019	247049921903894
11.09.2019	254022536617638
12.09.2019	858975598344497
13.09.2019	123971516924024
14.09.2019	88248641819980
15.09.2019	146942511670341
16.09.2019	147129658280625
17.09.2019	185082588548050
18.09.2019	258727347362511
19.09.2019	186817780645985
20.09.2019	171217858487855
21.09.2019	166223051662286
22.09.2019	135851474571070
23.09.2019	197858385431612
24.09.2019	255709092971929
25.09.2019	397755049766654
26.09.2019	259792873653984
27.09.2019	223930462908320
28.09.2019	196132303687248
29.09.2019	290274847633142
30.09.2019	272007315575978
01.10.2019	143223940687801
02.10.2019	101401940316012
03.10.2019	155406094873007
04.10.2019	266568135301769
05.10.2019	224402917372475
06.10.2019	264524366057998
07.10.2019	281955519581960
08.10.2019	260050625417769
09.10.2019	232001314569824
10.10.2019	214806983746906
11.10.2019	314619962107244
12.10.2019	616434965055908
13.10.2019	570741292618120
14.10.2019	534923939839671
15.10.2019	555632636300013
16.10.2019	468261158997627
17.10.2019	479629708504426
18.10.2019	487290480344798
19.10.2019	421996546588615
20.10.2019	351028844880231
21.10.2019	335851594010746
22.10.2019	345093275544352
23.10.2019	579722037777603
24.10.2019	440608724970496
25.10.2019	557741212069315
26.10.2019	521675499068214
27.10.2019	389068807176369
28.10.2019	433068715566060
29.10.2019	386221892361215
30.10.2019	524018604130132
31.10.2019	305971632848566
01.11.2019	252926152243712
02.11.2019	206465455855653
03.11.2019	150780374160041
04.11.2019	177704624905872
05.11.2019	171076174991193
06.11.2019	174132117959552
07.11.2019	507103776651931
08.11.2019	613754274441581
09.11.2019	565958227744119
10.11.2019	516705938923470
11.11.2019	455281811465436
12.11.2019	431869044037913
13.11.2019	411615027754532
14.11.2019	362588905406565
15.11.2019	456990200902319
16.11.2019	364583358451627
17.11.2019	297654715175039
18.11.2019	264649970765179
19.11.2019	264825593884527
20.11.2019	240356411609183
21.11.2019	320594481416667
22.11.2019	357522310826814
23.11.2019	281180868297790
24.11.2019	225039154325969
25.11.2019	394896382936601
26.11.2019	148156859029683
27.11.2019	171582099501123
28.11.2019	181454789239788
29.11.2019	153797230077012
30.11.2019	190577354247837
01.12.2019	188890685064746
02.12.2019	348718629327484
03.12.2019	575201619491818
04.12.2019	565806054680379
05.12.2019	694349226370762
06.12.2019	582315097203040
07.12.2019	489983196252576
08.12.2019	477230899472022
09.12.2019	559818051693713
10.12.2019	626861879607225
11.12.2019	115929148121922
12.12.2019	711125450187531
13.12.2019	444727144787347
14.12.2019	355821334794634
15.12.2019	296700344735356
16.12.2019	321808753883152
17.12.2019	362967846279277
18.12.2019	264408740102108
19.12.2019	284896301831901
20.12.2019	215734243627239
21.12.2019	355572874182677
22.12.2019	145496536585780
23.12.2019	241515439539921
24.12.2019	236792987645462
25.12.2019	163052743525938
26.12.2019	168966295072345
27.12.2019	131149805147696
28.12.2019	78588118218557
29.12.2019	120566840214236
30.12.2019	185196661332542
31.12.2019	411718313445315
01.01.2020	303925103331243
02.01.2020	311957607085877
03.01.2020	314777202752754
04.01.2020	168108661938616
05.01.2020	262934821160393
06.01.2020	237276058164865
07.01.2020	299021967181290
08.01.2020	248230284880229
09.01.2020	272201201426484
10.01.2020	417211239818315
11.01.2020	536498034824768
12.01.2020	417828900724101
13.01.2020	590809679857489
14.01.2020	845875935324567
15.01.2020	957231353719423
16.01.2020	491035648239987
17.01.2020	573914152617194
18.01.2020	357155946294748
19.01.2020	475465399235572
20.01.2020	339700226106934
21.01.2020	266409340232806
22.01.2020	181439647943670
23.01.2020	184494709533179
24.01.2020	234020217400747
25.01.2020	159951610001869
26.01.2020	244245221715443
27.01.2020	350715797398093
28.01.2020	400578197232816
29.01.2020	420410078841805
30.01.2020	566622921312993
31.01.2020	647048015624235
01.02.2020	192789083332467
02.02.2020	163130594650680
03.02.2020	116447815636601
04.02.2020	125127462756054
05.02.2020	349516336871587
06.02.2020	397486969323002
07.02.2020	558239036158534
08.02.2020	419068598019407
09.02.2020	450716075114440
10.02.2020	367712217477313
11.02.2020	370525983790567
12.02.2020	362247374477673
13.02.2020	587241309705665
14.02.2020	411601607513558
15.02.2020	338316868507077
16.02.2020	382440312414783
17.02.2020	439532209035585
18.02.2020	331005573672140
19.02.2020	226270861266671
20.02.2020	395997086723164
21.02.2020	237084759656298
22.02.2020	224310466797111
23.02.2020	287845502111334
24.02.2020	235678619006248
25.02.2020	296109689174172
26.02.2020	466634823290918
27.02.2020	166200214062375
28.02.2020	183634244119894
29.02.2020	146589033421107
01.03.2020	238678926799435
02.03.2020	171319414478792
03.03.2020	143172389888569
04.03.2020	140614853354643
05.03.2020	146216660535766
06.03.2020	126621536433779
07.03.2020	90517484256711
08.03.2020	297164495900047
09.03.2020	282486522323445
10.03.2020	221882605966306
11.03.2020	139042746293323
12.03.2020	496067677079988
13.03.2020	490929084084130
14.03.2020	242398030620034
15.03.2020	285771816801401
16.03.2020	294958802486830
17.03.2020	210038103233991
18.03.2020	199874866338706
19.03.2020	261729642878189
20.03.2020	205680427041625
21.03.2020	129902904244805
22.03.2020	104742363384487
23.03.2020	109828645791093
24.03.2020	169566931360359
25.03.2020	189762740261926
26.03.2020	168998193394763
27.03.2020	130416906142198
28.03.2020	129190656227202
29.03.2020	109014637029605
30.03.2020	118023211825262
31.03.2020	133348824540422
01.04.2020	97192259454142
02.04.2020	109107972903751
03.04.2020	100208712909992
04.04.2020	68086696541704
05.04.2020	67578188868274
06.04.2020	101685160239635
07.04.2020	153732219357346
08.04.2020	158380523063957
09.04.2020	199601075734588
10.04.2020	226003554945619
11.04.2020	100034646258926
12.04.2020	76734289291877
13.04.2020	101434013861490
14.04.2020	76220166148939
15.04.2020	85911219110061
16.04.2020	111374492953336
17.04.2020	73554819376413
18.04.2020	89593740992590
19.04.2020	142795913400076
20.04.2020	147998532960457
21.04.2020	114163091972434
22.04.2020	98575844945894
23.04.2020	119997683316894
24.04.2020	89813879669060
25.04.2020	66106811156082
26.04.2020	63041487829154
27.04.2020	89556282124313
28.04.2020	62281707438849
29.04.2020	147009295016960
30.04.2020	179862607898462
01.05.2020	139403736025214
02.05.2020	74299731957901
03.05.2020	85781283423793
04.05.2020	133845312954970
05.05.2020	107679552249533
06.05.2020	109358839650886
07.05.2020	140345912798474
08.05.2020	112071874254787
09.05.2020	99054370892783
10.05.2020	133426928193514
11.05.2020	124379317452366
12.05.2020	139021166898382
13.05.2020	102094140177325
14.05.2020	124942998630344
15.05.2020	91808375624600
16.05.2020	73488193685275
17.05.2020	152061773784543
18.05.2020	233819421438942
19.05.2020	117431312422037
20.05.2020	137005378163035
21.05.2020	146133785069145
22.05.2020	129441383232328
23.05.2020	61753708559117
24.05.2020	106003867275745
25.05.2020	100306593248671
26.05.2020	133910366506161
27.05.2020	110167678617931
28.05.2020	107798525303856
29.05.2020	89947165920152
30.05.2020	277746542011474
31.05.2020	249306824578646
01.06.2020	123999706976797
02.06.2020	155690269719904
03.06.2020	156731903075177
04.06.2020	101685834645691
05.06.2020	154440629703861
06.06.2020	113115994628936
07.06.2020	110752180169356
08.06.2020	105660174698160
09.06.2020	117039594299229
10.06.2020	124563307181359
11.06.2020	193682666963608
12.06.2020	140294662277875
13.06.2020	126206904502134
14.06.2020	113828791820992
15.06.2020	164753603733897
16.06.2020	114125892646628
17.06.2020	76669258955672
18.06.2020	87224177757129
19.06.2020	82098866488478
20.06.2020	76246240088230
21.06.2020	103764662083171
22.06.2020	154017189978436
23.06.2020	140910611363234
24.06.2020	277806142852521
25.06.2020	141727992864867
26.06.2020	141668533811905
27.06.2020	133433508347863
28.06.2020	185523025682767
29.06.2020	189626468916987
30.06.2020	135590531290220
01.07.2020	119974766040866
02.07.2020	130082065999738
03.07.2020	162093786422108
04.07.2020	140448129164236
05.07.2020	109511101750302
06.07.2020	199624323030247
07.07.2020	124389432829871
08.07.2020	182405521327027
09.07.2020	131139344974335
10.07.2020	102610694774384
11.07.2020	102485170190219
12.07.2020	131703101484194
13.07.2020	246001610680569
14.07.2020	185164518856563
15.07.2020	217313742013412
16.07.2020	197414403089947
17.07.2020	140129883112194
18.07.2020	119927734829282
19.07.2020	128806118786355
20.07.2020	153766489120133
21.07.2020	152086509167152
22.07.2020	165038458859284
23.07.2020	100796125426217
24.07.2020	113856877864743
25.07.2020	87697838631913
26.07.2020	224759315146543
27.07.2020	225238221620212
28.07.2020	194916675473940
29.07.2020	198536951436185
30.07.2020	164761312926318
31.07.2020	201149653314044
01.08.2020	380749128837050
02.08.2020	342835548771158
03.08.2020	320598895207727
04.08.2020	211392382343052
05.08.2020	428027577134615
06.08.2020	322210445910217
07.08.2020	349994580224216
08.08.2020	203947943978635
09.08.2020	259155571108384
10.08.2020	319077723081902
11.08.2020	425484591430383
12.08.2020	370644415262152
13.08.2020	480734882589781
14.08.2020	363224355140910
15.08.2020	304696294244297
16.08.2020	273323676129830
17.08.2020	293905856176178
18.08.2020	215468506578271
19.08.2020	279194508282387
20.08.2020	283864936990155
21.08.2020	201081470142756
22.08.2020	345527774449694
23.08.2020	198594294147802
24.08.2020	211132542140237
25.08.2020	268390863299052
26.08.2020	280454276012381
27.08.2020	334420489113974
28.08.2020	219569659304318
29.08.2020	162477701357112
30.08.2020	110050739842891
31.08.2020	269517578615241
01.09.2020	270907217823836
02.09.2020	161597818685916
03.09.2020	513909346503776
04.09.2020	536026258833825
05.09.2020	414144149583446
06.09.2020	354951983301216
07.09.2020	429724883659116
08.09.2020	365834139130453
09.09.2020	226505807669060
10.09.2020	230263547164031
11.09.2020	380935492586288
12.09.2020	366853247549162
13.09.2020	209668641346944
14.09.2020	278190030571237
15.09.2020	217460196547636
16.09.2020	222583296610531
17.09.2020	138187484253626
18.09.2020	162393403511135
19.09.2020	78792960502288
20.09.2020	71199095562959
21.09.2020	216007898549153
22.09.2020	330510298028960
23.09.2020	214974071116280
24.09.2020	248764414256775
25.09.2020	176693574744206
26.09.2020	51800743780898
27.09.2020	98175812367886
28.09.2020	155862584332696
29.09.2020	149156803568351
30.09.2020	101126065881120
01.10.2020	141155325572762
02.10.2020	123100850685473
03.10.2020	182459244711414
04.10.2020	157280167072963
05.10.2020	142671494358133
06.10.2020	219874063209546
07.10.2020	139939559586388
08.10.2020	128344020665079
09.10.2020	125233383752239
10.10.2020	162683995948090
11.10.2020	292264680903301
12.10.2020	225048662784346
13.10.2020	178535730502759
14.10.2020	113966078287376
15.10.2020	202681826199085
16.10.2020	261721283751136
17.10.2020	202115195363211
18.10.2020	209807728762781
19.10.2020	304860819339090
20.10.2020	314608944516622
21.10.2020	415458568173118
22.10.2020	281815218580608
23.10.2020	289897694230703
24.10.2020	210742683129299
25.10.2020	172955498959735
26.10.2020	244408732526471
27.10.2020	235848267846747
28.10.2020	342024346838470
29.10.2020	285196739270357
30.10.2020	391651622333971
31.10.2020	191770294539164
01.11.2020	206302647055834
02.11.2020	162845263485713
03.11.2020	256978591555806
04.11.2020	238755541521271
05.11.2020	334270614450486
06.11.2020	276235728873662
07.11.2020	223855018389814
08.11.2020	161836264395050
09.11.2020	150648165597358
10.11.2020	267904933602836
11.11.2020	141760673865670
12.11.2020	523921817668787
13.11.2020	392734584517660
14.11.2020	379301398810981
15.11.2020	359230619521883
16.11.2020	472017282148937
17.11.2020	430467180548507
18.11.2020	85811259039199
19.11.2020	366765089796304
20.11.2020	494962248433826
21.11.2020	449731205755017
22.11.2020	369975269742020
23.11.2020	408955026687519
24.11.2020	677538091337945
25.11.2020	399884706317650
26.11.2020	434969192985618
27.11.2020	348889791457240
28.11.2020	263897318547186
29.11.2020	219323281523709
30.11.2020	340527823748449
01.12.2020	336470371808371
02.12.2020	319463618671254
03.12.2020	315592809059493
04.12.2020	388231119111281
05.12.2020	319397393914235
06.12.2020	205963398098972
07.12.2020	312745880777661
08.12.2020	356260299962027
09.12.2020	369853988433305
10.12.2020	436388838227973
11.12.2020	181044045226537
12.12.2020	190917073963581
13.12.2020	251781820986222
14.12.2020	214735420874706
15.12.2020	155986919592542
16.12.2020	299999600330865
17.12.2020	273127621693382
18.12.2020	294357646920180
19.12.2020	136184993876516
20.12.2020	198990109292737
21.12.2020	248954297354440
22.12.2020	317052097937614
23.12.2020	199257138943144
24.12.2020	362292081735933
25.12.2020	297193709278413
26.12.2020	262249635339790
27.12.2020	319996351057765
28.12.2020	267136422235873
29.12.2020	654771940615639
30.12.2020	530963297309907
31.12.2020	391397698574115
01.01.2021	736400322815298
02.01.2021	958858745334900
03.01.2021	821367530079011
04.01.2021	978243792548023
05.01.2021	628308665959766
06.01.2021	1094605578302848
07.01.2021	1061015720194323
08.01.2021	721811867986318
09.01.2021	711210959187693
10.01.2021	1322665701134243
11.01.2021	1273988611244140
12.01.2021	965582187707949
13.01.2021	926705406389760
14.01.2021	1049964166695268
15.01.2021	878220179500531
16.01.2021	554044004066455
17.01.2021	459095880892679
18.01.2021	453244265460097
19.01.2021	462548288176935
20.01.2021	716465271001869
21.01.2021	676835375343332
22.01.2021	587916430756348
23.01.2021	467232573099990
24.01.2021	617486335896166
25.01.2021	656198812629361
26.01.2021	433294243799645
27.01.2021	454996355216578
28.01.2021	831381867118761
29.01.2021	565820063572881
30.01.2021	483733079566005
31.01.2021	564625027268359
01.02.2021	647509039638241
02.02.2021	632333024782918
03.02.2021	572509628998002
04.02.2021	471658955916364
05.02.2021	921854539010373
06.02.2021	344095428015624
07.02.2021	669686239511914
08.02.2021	581657885964451
09.02.2021	1032492994354453
10.02.2021	1223158638817540
11.02.2021	868901309091129
12.02.2021	529240699622731
13.02.2021	652852200801326
14.02.2021	2065314332651974
15.02.2021	898699661531392
16.02.2021	481837974300094
17.02.2021	578821934195402
18.02.2021	756715097884831
19.02.2021	592794023896173
20.02.2021	655391531769656
21.02.2021	417461920195302
22.02.2021	645743600950886
23.02.2021	623668911027379
24.02.2021	642412114085774
25.02.2021	443223635234357
26.02.2021	791033768565085
27.02.2021	354002549603988
28.02.2021	1091370596650042
01.03.2021	728129890485735
02.03.2021	468607251774705
03.03.2021	991328505502552
04.03.2021	495326996307542
05.03.2021	337340638936036
06.03.2021	208426874528798
07.03.2021	443455427018552
08.03.2021	391878193171830
09.03.2021	479539202074769
10.03.2021	655494390332112
11.03.2021	585835228504908
12.03.2021	495337959813220
13.03.2021	739289263250323
14.03.2021	397483080586694
15.03.2021	558160479946255
16.03.2021	395390385667134
17.03.2021	765292513639152
18.03.2021	634051209215865
19.03.2021	347557537332330
20.03.2021	266165390855996
21.03.2021	249344078794374
22.03.2021	530844190544075
23.03.2021	347692256997963
24.03.2021	794879055207551
25.03.2021	583875502741531
26.03.2021	435565225664907
27.03.2021	381348955082841
28.03.2021	279664157090059
29.03.2021	487323558152105
30.03.2021	527804038637094
31.03.2021	506698763617257
01.04.2021	807633114818140
02.04.2021	797061691488391
03.04.2021	557119873587735
04.04.2021	571587489943312
05.04.2021	759346931059316
06.04.2021	852859782420521
07.04.2021	899640762074018
08.04.2021	415327727618580
09.04.2021	459419934261085
10.04.2021	347486557647646
11.04.2021	876686702726013
12.04.2021	1222103043240199
13.04.2021	605753495369913
14.04.2021	458011320756996
15.04.2021	1108966267153790
16.04.2021	1687873324451638
17.04.2021	517487827069686
18.04.2021	1274797806757155
19.04.2021	1152766237753796
20.04.2021	2561741460007850
21.04.2021	1911047708779546
22.04.2021	1191968456384796
23.04.2021	2099218700549352
24.04.2021	955192649151408
25.04.2021	422620957565034
26.04.2021	539348269045277
27.04.2021	659047053172067
28.04.2021	995914975149352
29.04.2021	472421533858672
30.04.2021	1406465537924442
01.05.2021	1296707418104658
02.05.2021	839867934854649
03.05.2021	675001173431286
04.05.2021	1074428304838292
05.05.2021	1019856039012326
06.05.2021	1834754482550726
07.05.2021	1645680506539802
08.05.2021	683559697307990
09.05.2021	539497068023423
10.05.2021	556493052457660
11.05.2021	634094288472281
12.05.2021	1327570974634729
13.05.2021	1094258487946341
14.05.2021	1111554005370715
15.05.2021	878618959447335
16.05.2021	946637817904506
17.05.2021	1175186663598660
18.05.2021	752937558611134
19.05.2021	2168821222483264
20.05.2021	1924799124202465
21.05.2021	1088734371897608
22.05.2021	1129427589072258
23.05.2021	1427762319621511
24.05.2021	1617911907168380
25.05.2021	745182871783138
26.05.2021	787493567705919
27.05.2021	753024417905874
28.05.2021	801391554343871
29.05.2021	924094832672514
30.05.2021	761798536816093
31.05.2021	566079176321421
01.06.2021	472347831147338
02.06.2021	289001139487510
03.06.2021	403355719394033
04.06.2021	501008188260743
05.06.2021	256394004878965
06.06.2021	349848116098359
07.06.2021	534092917514520
08.06.2021	448665027234329
09.06.2021	565385374343549
10.06.2021	602093282197398
11.06.2021	470598740553789
12.06.2021	328505795323294
13.06.2021	457301603712428
14.06.2021	225788845022234
15.06.2021	359387025015706
16.06.2021	186752680345129
17.06.2021	424664444642202
18.06.2021	205648792865359
19.06.2021	318475780863152
20.06.2021	163043539521501
21.06.2021	592470359572081
22.06.2021	704950800556797
23.06.2021	359776188139183
24.06.2021	220866004690461
25.06.2021	272136846011700
26.06.2021	179666728588828
27.06.2021	356396562165289
28.06.2021	442323371419512
29.06.2021	485652447629301
30.06.2021	303330337369651
01.07.2021	416176605702898
02.07.2021	556623148588519
03.07.2021	188141405678434
04.07.2021	277184532895773
05.07.2021	246945914775626
06.07.2021	275123246502022
07.07.2021	410332739327140
08.07.2021	201993976895567
09.07.2021	438591047521418
10.07.2021	167410617622692
11.07.2021	238742014347592
12.07.2021	171444707594593
13.07.2021	269857894320964
14.07.2021	366553827136715
15.07.2021	178408279932126
16.07.2021	472794565303732
17.07.2021	384395774658847
18.07.2021	132626463292668
19.07.2021	165619556514959
20.07.2021	279210154153812
21.07.2021	290396848373025
22.07.2021	284597640710120
23.07.2021	449265940445333
24.07.2021	213650565428973
25.07.2021	158421642262430
26.07.2021	254708327406913
27.07.2021	254093482406323
28.07.2021	261584567525742
29.07.2021	182562387075770
30.07.2021	213459758252571
31.07.2021	183279129717157
01.08.2021	426335014242269
02.08.2021	282902708892503
03.08.2021	253648623484321
04.08.2021	311367475517779
05.08.2021	308260882991605
06.08.2021	122271229806082
07.08.2021	233120717542284
08.08.2021	384481380471404
09.08.2021	259072276208000
10.08.2021	188303891684574
11.08.2021	136438752466479
12.08.2021	271896994614574
13.08.2021	313779462202230
14.08.2021	278647121442862
15.08.2021	243499434819420
16.08.2021	175303651398678
17.08.2021	420398930253103
18.08.2021	444056997895950
19.08.2021	231286680152961
20.08.2021	326923401132353
21.08.2021	176640260168036
22.08.2021	186644140271277
23.08.2021	234682781430237
24.08.2021	744342519421928
25.08.2021	317040887287948
26.08.2021	347078127157550
27.08.2021	223323381743207
28.08.2021	218160501526448
29.08.2021	111406155615459
30.08.2021	215646650107427
31.08.2021	135685709895845
01.09.2021	249580098483894
02.09.2021	271123087843856
03.09.2021	624053511785753
04.09.2021	335129590331485
05.09.2021	314209893106545
06.09.2021	360691882221162
07.09.2021	317352372487491
08.09.2021	337918884754847
09.09.2021	279527052032839
10.09.2021	191361481813985
11.09.2021	112330889550901
12.09.2021	174536085489835
13.09.2021	246606611499953
14.09.2021	186704505141419
15.09.2021	194855562371585
16.09.2021	173088353291152
17.09.2021	142738068180254
18.09.2021	138606554419687
19.09.2021	52637876875935
20.09.2021	515823398329380
21.09.2021	570908647421339
22.09.2021	248223213851296
23.09.2021	214902287721153
24.09.2021	517323122341258
25.09.2021	377966218531818
26.09.2021	366766905047764
27.09.2021	416007000829648
28.09.2021	260366303984275
29.09.2021	277887841966186
30.09.2021	187092731287652
01.10.2021	235844196657192
02.10.2021	502463393837082
03.10.2021	373980350029752
04.10.2021	525249627099748
05.10.2021	401661465134170
06.10.2021	163642487485973
07.10.2021	170789043543103
08.10.2021	154468420403980
09.10.2021	90013105559796
10.10.2021	113740981692808
11.10.2021	147786698054715
12.10.2021	115022817186830
13.10.2021	209102213041063
14.10.2021	169561182721133
15.10.2021	174870134133324
16.10.2021	79691610688763
17.10.2021	291620345774331
18.10.2021	335397758646649
19.10.2021	574440836345393
20.10.2021	455524502341114
21.10.2021	282273336612924
22.10.2021	326427486910679
23.10.2021	475020426916530
24.10.2021	384412938571735
25.10.2021	499445569285096
26.10.2021	388342504031652
27.10.2021	444774591404189
28.10.2021	282125378537301
29.10.2021	420771657292538
30.10.2021	140449740484097
31.10.2021	333593314287187
01.11.2021	606294221960284
02.11.2021	822672864989962
03.11.2021	753352776114140
04.11.2021	365820769809690
05.11.2021	144604251394480
06.11.2021	139290454113291
07.11.2021	170382233301536
08.11.2021	221077292249286
09.11.2021	448728980529264
10.11.2021	586589822307956
11.11.2021	388261549770239
12.11.2021	432232451374428
13.11.2021	347235902066116
14.11.2021	502664704633710
15.11.2021	485084458062046
16.11.2021	982012814637144
17.11.2021	920620720776058
18.11.2021	1066829616063127
19.11.2021	786825067722368
20.11.2021	612892257934795
21.11.2021	840642856444893
22.11.2021	1184504982639415
23.11.2021	583231286164935
24.11.2021	1208533265836908
25.11.2021	1421596052064934
26.11.2021	1052413244845565
27.11.2021	881786747572730
28.11.2021	661759876150793
29.11.2021	720817906410922
30.11.2021	828597592108415
01.12.2021	1011346290138508
02.12.2021	781125248859783
03.12.2021	690792841256505
04.12.2021	647912037409370
05.12.2021	323776815927099
06.12.2021	465569139440540
07.12.2021	390237351252425
08.12.2021	325153918510197
09.12.2021	273913129417325
10.12.2021	392230160828593
11.12.2021	293684236407635
12.12.2021	146317731603342
13.12.2021	321697114292645
14.12.2021	141430908394397
15.12.2021	489549062669861
16.12.2021	252470338890929
17.12.2021	294866091432279
18.12.2021	427622950227306
19.12.2021	214037806988384
20.12.2021	186245857599329
21.12.2021	320166118462331
22.12.2021	337384553909858
23.12.2021	520610049657349
24.12.2021	435035034062237
25.12.2021	186061962394441
26.12.2021	230637100848807
27.12.2021	441007872020995
28.12.2021	509682314735178
29.12.2021	459169946035159
30.12.2021	491690995577524
31.12.2021	234540388374477
01.01.2022	217524024223571
02.01.2022	61547882248248
03.01.2022	175054542050882
04.01.2022	167859643335454
05.01.2022	235519682216481
06.01.2022	148137228663282
07.01.2022	291835293100423
08.01.2022	267675498614345
09.01.2022	265312688433781
10.01.2022	255505459953231
11.01.2022	137845484235620
12.01.2022	40012336296653
13.01.2022	847041079701156
14.01.2022	672651991531791
15.01.2022	381340344721894
16.01.2022	263774382492234
17.01.2022	241888076351545
18.01.2022	92377246582440
19.01.2022	230559853127359
20.01.2022	614821582249933
21.01.2022	640957493551473
22.01.2022	1344734687232765
23.01.2022	209467988526624
24.01.2022	457007156656627
25.01.2022	368536463788052
26.01.2022	412138294449510
27.01.2022	431360089774982
28.01.2022	298390347248534
29.01.2022	444509691627164
30.01.2022	159710690709185
31.01.2022	179036393222611
01.02.2022	189298823124315
02.02.2022	187305392372733
03.02.2022	240569319917945
04.02.2022	92729965232055
05.02.2022	252998498285049
06.02.2022	121901536664637
07.02.2022	212192419025971
08.02.2022	208272884381177
09.02.2022	188335943746542
10.02.2022	103992758942948
11.02.2022	244382423000855
12.02.2022	76224531653139
13.02.2022	114172946950814
14.02.2022	221680655988522
15.02.2022	198381447095700
16.02.2022	107982931053600
17.02.2022	187534648336235
18.02.2022	239991262386812
19.02.2022	162499609686405
20.02.2022	104745609679092
21.02.2022	302734601277315
22.02.2022	247711841918363
23.02.2022	255400870070062
24.02.2022	354549751456625
25.02.2022	191915303799259
26.02.2022	131225213378774
27.02.2022	157098445308823
28.02.2022	191642418111909
01.03.2022	168627396651884
02.03.2022	119018654283506
03.03.2022	308101431782830
04.03.2022	347920657916779
05.03.2022	250274882424058
06.03.2022	238807974103562
07.03.2022	154822704059492
08.03.2022	286149762803910
09.03.2022	301273633856013
10.03.2022	224974782867372
11.03.2022	121393346688850
12.03.2022	64122783368775
13.03.2022	77791052010303
14.03.2022	92643841422528
15.03.2022	68628118479392
16.03.2022	195971981777333
17.03.2022	271768658112367
18.03.2022	117540040779750
19.03.2022	408595086320065
20.03.2022	64275854771317
21.03.2022	63787337881338
22.03.2022	118460951040150
23.03.2022	153941413342481
24.03.2022	215604129536942
25.03.2022	192218968390566
26.03.2022	318857137538933
27.03.2022	80264885622645
28.03.2022	55395150642837
29.03.2022	72973742059318
30.03.2022	167965463930985
31.03.2022	39408923973255
01.04.2022	42799510008839
02.04.2022	21744965501237
03.04.2022	39919453019093
04.04.2022	32002596225309
05.04.2022	27302760792543
06.04.2022	64288800521785
07.04.2022	86566888406904
08.04.2022	48253611887014
09.04.2022	83868621037690
10.04.2022	20326512390555
11.04.2022	118972485963818
12.04.2022	95050851527644
13.04.2022	38958660180918
14.04.2022	17455005801147
15.04.2022	20801467902307
16.04.2022	15872965648986
17.04.2022	15727346533346
18.04.2022	45902442194435
19.04.2022	30033212185259
20.04.2022	43129798233425
21.04.2022	60124349900836
22.04.2022	32326168355833
23.04.2022	25633684928369
24.04.2022	65820869044245
25.04.2022	92975038697984
26.04.2022	81588013227950
27.04.2022	39285388447872
28.04.2022	19067123106119
29.04.2022	69485414670360
30.04.2022	74264131276189
01.05.2022	66089918645042
02.05.2022	43855112692221
03.05.2022	54603497980762
04.05.2022	43978040185470
05.05.2022	58209534875230
06.05.2022	28189525216724
07.05.2022	16027133656597
08.05.2022	32793203278507
09.05.2022	115319828890689
10.05.2022	154783548271902
11.05.2022	189612698321390
12.05.2022	128414389099963
13.05.2022	129950622360889
14.05.2022	185014309400522
15.05.2022	54462142903298
16.05.2022	213585348404566
17.05.2022	106288541890918
18.05.2022	100470847901573
19.05.2022	55173034664612
20.05.2022	232504577671804
21.05.2022	305127168812193
22.05.2022	406762880290099
23.05.2022	294011420965661
24.05.2022	58776646265822
25.05.2022	29455327426007
26.05.2022	75330414803138
27.05.2022	184307494128381
28.05.2022	114632951681408
29.05.2022	28254682377032
30.05.2022	78221990444519
31.05.2022	836290723891219
01.06.2022	207176050708420
02.06.2022	375425119399104
03.06.2022	579260736660953
04.06.2022	508681094385142
05.06.2022	75649463630979
06.06.2022	26099130307319
07.06.2022	250565325003171
08.06.2022	110479828706741
09.06.2022	18242335115902
10.06.2022	23066567148053
11.06.2022	60516463903146
12.06.2022	146211480411492
13.06.2022	142796422191246
14.06.2022	674868509466293
15.06.2022	825946662373368
16.06.2022	121237505891807
17.06.2022	88444137357780
18.06.2022	34069277323984
19.06.2022	35294707402735
20.06.2022	17475333593315
21.06.2022	26926968185957
22.06.2022	30653059124920
23.06.2022	40345221260754
24.06.2022	27464477213682
25.06.2022	14694679294536
26.06.2022	25151883656430
27.06.2022	49680574404830
28.06.2022	14871423297514
29.06.2022	57551801793275
30.06.2022	75050968769361
01.07.2022	28042326810833
02.07.2022	49713178094536
03.07.2022	28593181109961
04.07.2022	42077061208355
05.07.2022	80309864204344
06.07.2022	79450000885104
07.07.2022	21567616124250
08.07.2022	44515841161692
09.07.2022	54074097019136
10.07.2022	32893678017593
11.07.2022	17529707942252
12.07.2022	23097917536243
13.07.2022	31037881130627
14.07.2022	10540595287079
15.07.2022	14805987140697
16.07.2022	27220196961238
17.07.2022	16739338175653
18.07.2022	19361996219338
19.07.2022	20919478221732
20.07.2022	28406211507455
21.07.2022	18402665347405
22.07.2022	30422650028070
23.07.2022	21613003251651
24.07.2022	16555125372678
25.07.2022	18126271095582
26.07.2022	30152763450598
27.07.2022	27390800424580
28.07.2022	37244990926678
29.07.2022	22710230828835
30.07.2022	24216084207592
31.07.2022	29460179621620
01.08.2022	31458694609933
02.08.2022	43053001820699
03.08.2022	58751812774323
04.08.2022	38209487465358
05.08.2022	22361679800911
06.08.2022	25831345431908
07.08.2022	24757007390277
08.08.2022	31974065747344
09.08.2022	67294443327939
10.08.2022	33808782899686
11.08.2022	52754711233419
12.08.2022	44925041225912
13.08.2022	36678332703996
14.08.2022	19038589593581
15.08.2022	38170278532480
16.08.2022	29605636278212
17.08.2022	52039809099924
18.08.2022	61598321175239
19.08.2022	75405690610379
20.08.2022	42166521173342
21.08.2022	21244165082963
22.08.2022	43900956398691
23.08.2022	49177993326770
24.08.2022	69750228962609
25.08.2022	78499807061791
26.08.2022	52038361085631
27.08.2022	36118833603853
28.08.2022	51156637585763
29.08.2022	31974376437896
30.08.2022	52953067981974
31.08.2022	62850804085711
01.09.2022	49418754981978
02.09.2022	50598717164543
03.09.2022	177443598773100
04.09.2022	201406188877769
05.09.2022	35175765512998
06.09.2022	32383414834275
07.09.2022	29135952368798
08.09.2022	174838446105113
09.09.2022	94882921493634
10.09.2022	53473919685141
11.09.2022	178833735156293
12.09.2022	169985631350419
13.09.2022	108609472553287
14.09.2022	79181321261851
15.09.2022	72213239707515
16.09.2022	65934427071259
17.09.2022	68231609334338
18.09.2022	37843048854975
19.09.2022	43160744425050
20.09.2022	37760355026500
21.09.2022	48711400470433
22.09.2022	46853377056276
23.09.2022	34008022453912
24.09.2022	45248339482606
25.09.2022	43138146636992
26.09.2022	35700322917729
27.09.2022	49091643352765
28.09.2022	34589936636682
29.09.2022	21425975804170
30.09.2022	39328967436433
01.10.2022	26489605476606
02.10.2022	17707114213183
03.10.2022	23744139541308
04.10.2022	62065712497168
05.10.2022	54460156447477
06.10.2022	40989285679427
07.10.2022	20263045289521
08.10.2022	16119465057401
09.10.2022	14684251511609
10.10.2022	23014811620233
11.10.2022	20007734235249
12.10.2022	21399488117488
13.10.2022	38168852082681
14.10.2022	16921864009270
15.10.2022	28332529253032
16.10.2022	16019363159993
17.10.2022	16668625309506
18.10.2022	33719605121264
19.10.2022	235387388116184
20.10.2022	165880740866067
21.10.2022	106844874250911
22.10.2022	9668367962382
23.10.2022	220637377905656
24.10.2022	77404459190709
25.10.2022	109742566441883
26.10.2022	132717289674023
27.10.2022	14552586810539
28.10.2022	13381940883175
29.10.2022	16539456400910
30.10.2022	101794765986974
31.10.2022	48778300283373
01.11.2022	73688851222363
02.11.2022	70537702357262
03.11.2022	35256046904536
04.11.2022	31443321242677
05.11.2022	43830808153962
06.11.2022	34654273462283
07.11.2022	50527109479646
08.11.2022	66471859805057
09.11.2022	86334836534706
10.11.2022	198650371599817
11.11.2022	74997782837262
12.11.2022	109458284189970
13.11.2022	336319385131225
14.11.2022	47128920670760
15.11.2022	45355032984968
16.11.2022	204668604881743
17.11.2022	187134609820231
18.11.2022	57177993407917
19.11.2022	16473930205350
20.11.2022	71961643955636
21.11.2022	60781952318730
22.11.2022	80312220667967
23.11.2022	63619253246693
24.11.2022	108502506898450
25.11.2022	126072461144255
26.11.2022	51295567113838
27.11.2022	39573312738272
28.11.2022	51724437653588
29.11.2022	39750369681757
30.11.2022	92518346519758
01.12.2022	71362232473621
02.12.2022	48278875375785
03.12.2022	30041522083811
04.12.2022	14056856026637
05.12.2022	30346131570218
06.12.2022	60502291603101
07.12.2022	37357088177215
08.12.2022	40053303610169
09.12.2022	34395101191768
10.12.2022	14096418791402
11.12.2022	37592503241815
12.12.2022	34437628499632
13.12.2022	47490413048572
14.12.2022	230238785987767
15.12.2022	87350895545591
16.12.2022	42145057311020
17.12.2022	56586393685147
18.12.2022	37031576197447
19.12.2022	54656355316851
20.12.2022	34237985832941
21.12.2022	106470368085253
22.12.2022	62564850497851
23.12.2022	25230091691432
24.12.2022	24666805375950
25.12.2022	36302593794921
26.12.2022	28273867969348
27.12.2022	38422563231995
28.12.2022	43155999655776
29.12.2022	29207967488009
30.12.2022	35987346160817
31.12.2022	44572226181833
01.01.2023	33788896154439
02.01.2023	31576634947313
03.01.2023	94579183119575
04.01.2023	20393042854865
05.01.2023	26505229000806
06.01.2023	31062349832769
07.01.2023	99015590715840
08.01.2023	23156420261227
09.01.2023	74715651308326
10.01.2023	83660145840000
11.01.2023	53088249076059
12.01.2023	32255760122015
13.01.2023	38302875630108
14.01.2023	27718261720452
15.01.2023	86509092933517
16.01.2023	75313355460956
17.01.2023	60019271054361
18.01.2023	94505894844311
19.01.2023	39166326958901
20.01.2023	48039198302063
21.01.2023	40916685657937
22.01.2023	31831750203553
23.01.2023	55798987413610
24.01.2023	125397886153315
25.01.2023	64355493986758
26.01.2023	38579151535614
27.01.2023	102779827724144
28.01.2023	28387497189936
29.01.2023	68252725621773
30.01.2023	61525917171867
31.01.2023	75350624203889
01.02.2023	89647708684544
02.02.2023	101832758496574
03.02.2023	83674602057909
04.02.2023	56742190406118
05.02.2023	46803172353214
06.02.2023	92158258453447
07.02.2023	92162555554867
08.02.2023	73850003723768
09.02.2023	123663588240593
10.02.2023	29648294478445
11.02.2023	114281242170322
12.02.2023	25500573351197
13.02.2023	109068093445292
14.02.2023	72895659267198
15.02.2023	73257216435717
16.02.2023	91475503968636
17.02.2023	61100573575127
18.02.2023	129383539217227
19.02.2023	65900094752799
20.02.2023	54261993355141
21.02.2023	63199545144299
22.02.2023	45638598668815
23.02.2023	36001292319547
24.02.2023	28296896822393
25.02.2023	27536883324806
26.02.2023	29317196899381
27.02.2023	117489467356325
28.02.2023	130629402345840
01.03.2023	59284156842448
02.03.2023	41855614408793
03.03.2023	77630539391592
04.03.2023	54155206417465
05.03.2023	79602438618295
06.03.2023	92707055374652
07.03.2023	36170505813251
08.03.2023	97961052973012
09.03.2023	119927880340161
10.03.2023	88717952507511
11.03.2023	137675014126490
12.03.2023	148089565857419
13.03.2023	188824941973885
14.03.2023	128057729910393
15.03.2023	140542682310149
16.03.2023	44340157126671
17.03.2023	66685083743934
18.03.2023	28055347348082
19.03.2023	37727239318877
20.03.2023	72753550638518
21.03.2023	53722027425802
22.03.2023	99575099835692
23.03.2023	47278059435123
24.03.2023	38712901176562
25.03.2023	31620608516315
26.03.2023	26495735726640
27.03.2023	32799404314690
28.03.2023	45043729974133
29.03.2023	31430024506661
30.03.2023	51870949178600
31.03.2023	40492656695999
01.04.2023	39475079289436
02.04.2023	19834031262156
03.04.2023	24033167185338
04.04.2023	24361003609121
05.04.2023	47958452751986
06.04.2023	36784799202777
07.04.2023	94675339712768
08.04.2023	44588854251679
09.04.2023	28331637510401
10.04.2023	310388875125640
11.04.2023	281823344375399
12.04.2023	259198123296788
13.04.2023	1096854613573623
14.04.2023	48263598332937
15.04.2023	373026017537890
16.04.2023	341204556879657
17.04.2023	283257372680105
18.04.2023	258655624418868
19.04.2023	82811717771171
20.04.2023	40996848254439
21.04.2023	38745562350914
22.04.2023	70985044648328
23.04.2023	28855539711996
24.04.2023	20827631932298
25.04.2023	34913826532379
26.04.2023	84651451119207
27.04.2023	48272159470126
28.04.2023	23720977849562
29.04.2023	32570577536225
30.04.2023	54526974010498
01.05.2023	66119332865675
02.05.2023	65920872766537
03.05.2023	43046308839813
04.05.2023	62523358783092
05.05.2023	32091947562677
06.05.2023	87655476052000
07.05.2023	15952107947912
08.05.2023	49873482787092
09.05.2023	49354933504415
10.05.2023	37460808999679
11.05.2023	24770139558466
12.05.2023	25680435191740
13.05.2023	12103872371347
14.05.2023	14566916329679
15.05.2023	24551206730381
16.05.2023	31618001213841
17.05.2023	39928928779742
18.05.2023	29427941970037
19.05.2023	32402900139066
20.05.2023	22515149506031
21.05.2023	17563451559022
22.05.2023	27628986917497
23.05.2023	65670170589796
24.05.2023	26303013451109
25.05.2023	20582651517416
26.05.2023	28241817417385
27.05.2023	16222118297340
28.05.2023	14841554617912
29.05.2023	16879340152281
30.05.2023	25390679274323
31.05.2023	48985720518310
01.06.2023	17061479589619
02.06.2023	16072582559560
03.06.2023	20371892994510
04.06.2023	29339697904645
05.06.2023	35841787643391
06.06.2023	27312349547021
07.06.2023	36156426480262
08.06.2023	33516909301113
09.06.2023	30825590162406
10.06.2023	151551146810736
11.06.2023	83952305331622
12.06.2023	157522513341481
13.06.2023	79659702072655
14.06.2023	135018426796459
15.06.2023	25795508171087
16.06.2023	37290986073626
17.06.2023	30884927617470
18.06.2023	138518277516275
19.06.2023	47120741835544
20.06.2023	37763771884980
21.06.2023	40743227325104
22.06.2023	36211437369209
23.06.2023	28639397105954
24.06.2023	18900203080768
25.06.2023	25998984550587
26.06.2023	39569840262325
27.06.2023	17204969036471
28.06.2023	32729181255140
29.06.2023	35811037074225
30.06.2023	46512718316683
01.07.2023	67364688612288
02.07.2023	12171432202703
03.07.2023	26923629814177
04.07.2023	25748919690815
05.07.2023	48132778593423
06.07.2023	41316789125310
07.07.2023	62422248301578
08.07.2023	20613221795969
09.07.2023	16410216175439
10.07.2023	23131035352024
11.07.2023	35681715532804
12.07.2023	28980684253810
13.07.2023	35847549971398
14.07.2023	35075337585724
15.07.2023	69641969872476
16.07.2023	47687472121495
17.07.2023	35992260456117
18.07.2023	29810403914722
19.07.2023	144517859993512
20.07.2023	29460658456182
21.07.2023	34993447740789
22.07.2023	50984137507113
23.07.2023	142392720835395
24.07.2023	148497272412359
25.07.2023	180850906082685
26.07.2023	236006928350115
27.07.2023	14450381496355
28.07.2023	85042722837222
29.07.2023	20116338212750
30.07.2023	140066763505936
31.07.2023	83011817739847
01.08.2023	94071551555095
02.08.2023	48789074615569
03.08.2023	13581357105930
04.08.2023	20413636237332
05.08.2023	17772560517590
06.08.2023	28727683704610
07.08.2023	361187415957285
08.08.2023	147513214287356
09.08.2023	80358094189023
10.08.2023	107603896119187
11.08.2023	12037342217355
12.08.2023	15475635691137
13.08.2023	12280836570689
14.08.2023	18880781249629
15.08.2023	24053886059994
16.08.2023	24776368677147
17.08.2023	28390078642307
18.08.2023	24892942254550
19.08.2023	18372318236186
20.08.2023	18298009448147
21.08.2023	23827916500103
22.08.2023	23953096580296
23.08.2023	16828693347875
24.08.2023	12929067827255
25.08.2023	71626379882497
26.08.2023	412045874166638
27.08.2023	660450991671726
28.08.2023	313837557385751
29.08.2023	529348035615229
30.08.2023	81604643114306
31.08.2023	121679758803223
01.09.2023	49893662703495
02.09.2023	140306314364604
03.09.2023	724803296687071
04.09.2023	21411254782348
05.09.2023	19317451459319
06.09.2023	57345616060602
07.09.2023	28434530674296
08.09.2023	51798750353097
09.09.2023	24177410636686
10.09.2023	22893391057231
11.09.2023	27765346357836
12.09.2023	74154276021202
13.09.2023	34768406988398
14.09.2023	48085209047150
15.09.2023	59636643269421
16.09.2023	27649908029434
17.09.2023	57876013725488
18.09.2023	22543839192294
19.09.2023	20422591467786
20.09.2023	36814030080452
21.09.2023	26759275105135
22.09.2023	19531908659391
23.09.2023	46968583232251
24.09.2023	18804867033953
25.09.2023	19670228002235
26.09.2023	120342466479482
27.09.2023	140054368959959
28.09.2023	23654293399935
29.09.2023	81128897500707
30.09.2023	16687940028931
01.10.2023	13998940244173
02.10.2023	14936568893444
03.10.2023	20264490732547
04.10.2023	12605415275222
05.10.2023	23719120039867
06.10.2023	12279892960973
07.10.2023	8850756096581
08.10.2023	16653486044411
09.10.2023	18488382914366
10.10.2023	31423975302923
11.10.2023	86104732530929
12.10.2023	11951064569154
13.10.2023	11048231348167
14.10.2023	72600370439915
15.10.2023	173800090058569
16.10.2023	68470511690913
17.10.2023	111993463749765
18.10.2023	45993708227789
19.10.2023	99647588573855
20.10.2023	46957043224221
21.10.2023	67159435698221
22.10.2023	34916544675159
23.10.2023	73713058680713
24.10.2023	32116030246741
25.10.2023	32531478399267
26.10.2023	40171428380366
27.10.2023	14521386790922
28.10.2023	24477357839298
29.10.2023	18032229653200
30.10.2023	27337052159459
31.10.2023	49318411298414
01.11.2023	39966580581336
02.11.2023	56534867157164
03.11.2023	30667421524562
04.11.2023	10674320259146
05.11.2023	34794396319333
06.11.2023	17860388847479
07.11.2023	17987390856644
08.11.2023	26602411028259
09.11.2023	53233277412221
10.11.2023	33027719615995
11.11.2023	30713891485351
12.11.2023	35335883241058
13.11.2023	19841521866375
14.11.2023	14717202493012
15.11.2023	28474607589600
16.11.2023	38860203924823
17.11.2023	14285791553113
18.11.2023	13607727179400
19.11.2023	9939777181156
20.11.2023	15232650033067
21.11.2023	27207172814289
22.11.2023	46442842587468
23.11.2023	17539028274721
24.11.2023	27740445962508
25.11.2023	16086701023632
26.11.2023	18505639606698
27.11.2023	21487429476668
28.11.2023	78262523087833
29.11.2023	69351621710506
30.11.2023	60136852643466
01.12.2023	23013140414509
02.12.2023	53690613020589
03.12.2023	29169866957261
04.12.2023	22079578885127
05.12.2023	19483637956619
06.12.2023	33290413786236
07.12.2023	34076078687076
08.12.2023	20118853242904
09.12.2023	33378015760099
10.12.2023	30371645932770
11.12.2023	44639145079095
12.12.2023	50225557186123
13.12.2023	31686070778447
14.12.2023	27472089744135
15.12.2023	15975508530520
16.12.2023	17293537369302
17.12.2023	13886317893681
18.12.2023	22778717779702
19.12.2023	267534755170708
20.12.2023	397756997865535
21.12.2023	253005660600136
22.12.2023	247117211764527
23.12.2023	215229796044791
24.12.2023	94884976698388
25.12.2023	105245777290962
26.12.2023	206326713123278
27.12.2023	51408377561209
28.12.2023	37878719310716
29.12.2023	323679447883858
30.12.2023	203689705705063
31.12.2023	70064296315846
01.01.2024	61273016633336
02.01.2024	35600450888946
03.01.2024	88394973906763
04.01.2024	73143407064425
05.01.2024	105068863904314
06.01.2024	61480498000375
07.01.2024	45142971452000
08.01.2024	170619947315868
09.01.2024	405555092633087
10.01.2024	88100672026504
11.01.2024	185664168499927
12.01.2024	72539340990381
13.01.2024	47812721304948
14.01.2024	29585244077079
15.01.2024	85321240543779
16.01.2024	110515186323357
17.01.2024	43767547763550
18.01.2024	41160153767935
19.01.2024	47130087567051
20.01.2024	17406172016096
21.01.2024	67469661400072
22.01.2024	40258583521567
23.01.2024	66994435343448
24.01.2024	38590081448845
25.01.2024	47657010187507
26.01.2024	51698959368517
27.01.2024	37934974660973
28.01.2024	13451146249393
29.01.2024	37921915740066
30.01.2024	40041691533508
31.01.2024	50245896039019
01.02.2024	45441256836670
02.02.2024	22478277234756
03.02.2024	16743218213060
04.02.2024	21894899397821
05.02.2024	28887677287683
06.02.2024	37447597008447
07.02.2024	24860150603701
08.02.2024	29322153219524
09.02.2024	19253630385772
10.02.2024	49821235821504
11.02.2024	21492775453255
12.02.2024	38211301772906
13.02.2024	26902518442328
14.02.2024	67408000342182
15.02.2024	28468511516547
16.02.2024	31640929842218
17.02.2024	48742095654662
18.02.2024	73989518286973
19.02.2024	50629892884499
20.02.2024	43975321223651
21.02.2024	23391851692346
22.02.2024	53869481150910
23.02.2024	33526033546593
24.02.2024	22184581482214
25.02.2024	29669366359946
26.02.2024	56945567835113
27.02.2024	36983570612534
28.02.2024	44416743508507
29.02.2024	56987128160334
01.03.2024	47041002428218
02.03.2024	36905817744967
03.03.2024	39632761701390
04.03.2024	66078096874631
05.03.2024	54500669561135
06.03.2024	46184463198866
07.03.2024	31453039255834
08.03.2024	40068249464061
09.03.2024	35474199713001
10.03.2024	29786880163073
11.03.2024	37224411312445
12.03.2024	40772207776734
13.03.2024	48595205613872
14.03.2024	37477955856395
15.03.2024	28390702640301
16.03.2024	35111744268437
17.03.2024	29237103113872
18.03.2024	38770670972922
19.03.2024	39631627988842
20.03.2024	46381451913059
21.03.2024	42296273522773
22.03.2024	29734929354039
23.03.2024	27288013707403
24.03.2024	49783481555490
25.03.2024	42028009982664
26.03.2024	46273089681616
27.03.2024	30474186222712
28.03.2024	23171751844014
29.03.2024	24839404001490
30.03.2024	41338279392942
31.03.2024	28114397835019
01.04.2024	38703529410759
02.04.2024	56396256118029
03.04.2024	25428130015983
04.04.2024	60632209493384
05.04.2024	21048992114921
06.04.2024	16665087459995
07.04.2024	21631499093217
08.04.2024	40265754613635
09.04.2024	31244561044104
10.04.2024	40593407632547
11.04.2024	35661913343448
12.04.2024	55839703128537
13.04.2024	60544348299881
14.04.2024	37091961668844
15.04.2024	23119723382455
16.04.2024	17655321053517
17.04.2024	30587051764908
18.04.2024	32903883617091
19.04.2024	35770453504814
20.04.2024	32128149869917
21.04.2024	16532258890907
22.04.2024	43752883696872
23.04.2024	19890004994760
24.04.2024	44485899138458
25.04.2024	19860495141657
26.04.2024	18795863122165
27.04.2024	13923544290032
28.04.2024	13675313407188
29.04.2024	26201988947479
30.04.2024	36579128884235
01.05.2024	17737171107210
02.05.2024	27019087228734
03.05.2024	20886057829445
04.05.2024	24523850453944
05.05.2024	64272102266807
06.05.2024	73645329400846
07.05.2024	26765961550119
08.05.2024	29251789769638
09.05.2024	35014719732666
10.05.2024	21090048340268
11.05.2024	12655354860675
12.05.2024	18186154411153
13.05.2024	17765259619243
14.05.2024	17683635626206
15.05.2024	23087117411991
16.05.2024	19984494208167
17.05.2024	24251234637695
18.05.2024	20817908329873
19.05.2024	20512698471762
20.05.2024	30195176570497
21.05.2024	47565768410810
22.05.2024	25550931043367
23.05.2024	53951661331404
24.05.2024	500881713345963
25.05.2024	98489409680757
26.05.2024	100761165865754
27.05.2024	42963252391808
28.05.2024	36612619970810
29.05.2024	20720467350506
30.05.2024	30645326536275
31.05.2024	33540814196255
01.06.2024	12223974512755
02.06.2024	18490788662735
03.06.2024	29234537118251
04.06.2024	33942930582611
05.06.2024	32791724156230
06.06.2024	28022231580632
07.06.2024	37340405109900
08.06.2024	17460296887939
09.06.2024	29678549283612
10.06.2024	19332421000809
11.06.2024	23673188532577
12.06.2024	18511938657778
13.06.2024	19785909613065
14.06.2024	22510030125893
15.06.2024	22064388659661
16.06.2024	23798845958805
17.06.2024	46015960233692
18.06.2024	50752438044711
19.06.2024	22547014101205
20.06.2024	16105578505027
21.06.2024	18866756427142
22.06.2024	15838878495379
23.06.2024	14040984211490
24.06.2024	28298738917596
25.06.2024	23293692479783
26.06.2024	13865701066440
27.06.2024	22353232299261
28.06.2024	14164497292352
29.06.2024	21293635874707
30.06.2024	32559857783110
01.07.2024	27017579841189
02.07.2024	19126757571376
03.07.2024	36142883742197
04.07.2024	24228118354422
05.07.2024	31741185815565
06.07.2024	24103145599387
07.07.2024	24796417298242
08.07.2024	106119954201347
09.07.2024	321536123178073
10.07.2024	181007634856219
11.07.2024	100044071942522
12.07.2024	69300943789355
13.07.2024	200157364719804
14.07.2024	128081990099589
15.07.2024	294068441330473
16.07.2024	431336067046508
17.07.2024	128243724692506
18.07.2024	57647516954358
19.07.2024	115138182227127
20.07.2024	37487019538343
21.07.2024	49434349409263
22.07.2024	70309519483215
23.07.2024	20221407595187
24.07.2024	28230037517740
25.07.2024	95470781008802
26.07.2024	35824088379220
27.07.2024	28179294286438
28.07.2024	37015485464752
29.07.2024	197324633538169
30.07.2024	33807968890311
31.07.2024	77491274229146
01.08.2024	176603250226465
02.08.2024	231179490692097
03.08.2024	159919521021449
04.08.2024	21933376817657
05.08.2024	169937651784357
06.08.2024	58051640620048
07.08.2024	80250017331840
08.08.2024	57468759404597
09.08.2024	133723337217763
10.08.2024	58558124865029
11.08.2024	60918244693362
12.08.2024	68431815388406
13.08.2024	18389034479089
14.08.2024	33400573436544
15.08.2024	19860971873821
16.08.2024	16192984689044
17.08.2024	22439971027609
18.08.2024	10191498335628
19.08.2024	29038952240815
20.08.2024	33484679055479
21.08.2024	33981085400025
22.08.2024	78733668335029
23.08.2024	51478471945617
24.08.2024	18321964672400
25.08.2024	23092167284000
26.08.2024	89483913683961
27.08.2024	41091018612393
28.08.2024	59407064522694
29.08.2024	26497976934293
30.08.2024	71953723159768
31.08.2024	20827284549528
01.09.2024	22543195018940
02.09.2024	31366770055847
03.09.2024	29785940347546
04.09.2024	36405509797756
05.09.2024	31219403088855
06.09.2024	151697268139441
07.09.2024	44530865645814
08.09.2024	65411986950990
09.09.2024	31891192922667
10.09.2024	28162953377497
11.09.2024	30721986182697
12.09.2024	16959184623183
13.09.2024	13863532591327
14.09.2024	6588223423344
15.09.2024	12951986481817
16.09.2024	20531891642457
17.09.2024	26676380524163
18.09.2024	9853296592569
19.09.2024	46404390294509
20.09.2024	10444890739327
21.09.2024	6394805204847
22.09.2024	53965930048264
23.09.2024	22004127447367
24.09.2024	23981619808046
25.09.2024	23171379383216
26.09.2024	15737367924529
27.09.2024	19778373397881
28.09.2024	82129379124803
29.09.2024	10863645673178
30.09.2024	70159734303652
01.10.2024	60426924249861
02.10.2024	10299620710495
03.10.2024	11963931309109
04.10.2024	11255075338398
05.10.2024	15626882120694
06.10.2024	39848498473529
07.10.2024	25752708406073
08.10.2024	19909901157273
09.10.2024	110255575423981
10.10.2024	208364727536936
11.10.2024	61331783965652
12.10.2024	40987005160209
13.10.2024	89461396422510
14.10.2024	22708438893256
15.10.2024	55701992324052
16.10.2024	17151953511102
17.10.2024	12148323884121
18.10.2024	9471509326440
19.10.2024	15356278266087
20.10.2024	41919569163448
21.10.2024	31322557084070
22.10.2024	107882083284450
23.10.2024	18186691281944
24.10.2024	47290579070570
25.10.2024	15500492267521
26.10.2024	18054935107972
27.10.2024	18862768002674
28.10.2024	27703965690803
29.10.2024	27582247688285
30.10.2024	15438659487103
31.10.2024	77565681706340
01.11.2024	50314032857272
02.11.2024	78183301623386
03.11.2024	45721005275654
04.11.2024	50007105589862
05.11.2024	23286386601371
06.11.2024	20555636998543
07.11.2024	43048694138983
08.11.2024	33813608732331
09.11.2024	21760064741938
10.11.2024	10181989674600
11.11.2024	17117209004205
12.11.2024	56453969134034
13.11.2024	24043491707921
14.11.2024	16613014323215
15.11.2024	25502844348156
16.11.2024	55680931391573
17.11.2024	31264434352680
18.11.2024	20357741600557
19.11.2024	18003166882282
20.11.2024	24879822836501
21.11.2024	24278670971112
22.11.2024	72491747716298
23.11.2024	12196404577621
24.11.2024	21933807695839
25.11.2024	24749311414530
26.11.2024	15544528972421
27.11.2024	59623979900795
28.11.2024	13851981052770
29.11.2024	47131406967982
30.11.2024	41385683308043
01.12.2024	23318776911459
02.12.2024	98485818269840
03.12.2024	55669318309392
04.12.2024	36867252812350
05.12.2024	32490080076334
06.12.2024	10975418082989
07.12.2024	16135301444787
08.12.2024	7740708451441
09.12.2024	21097208698640
10.12.2024	16524371000470
11.12.2024	11370516256500
12.12.2024	22043063850406
13.12.2024	15130244478607
14.12.2024	12373299190076
15.12.2024	12908281824434
16.12.2024	11042710171136
17.12.2024	14589568509518
18.12.2024	19688138172775
19.12.2024	23145339669696
20.12.2024	37151340481624
21.12.2024	20521478252489
22.12.2024	19781530428855
23.12.2024	40634672087466
24.12.2024	34079530950092
25.12.2024	34377302924320
26.12.2024	25862026214473
27.12.2024	41559774909111
28.12.2024	35434577498666
29.12.2024	8594467284980
30.12.2024	87492192502572
31.12.2024	45290394803417
01.01.2025	16385610674337
02.01.2025	16307815786005
03.01.2025	10986141951209
04.01.2025	3865803669727
05.01.2025	5348756039640
06.01.2025	10219079620224
07.01.2025	12803274960752
08.01.2025	20566431927047
09.01.2025	54612842024232
10.01.2025	11099550170167
11.01.2025	8574274866171
12.01.2025	7461299310622
13.01.2025	23014718820055
14.01.2025	58791677208612
15.01.2025	22839169713740
16.01.2025	42786091740469
17.01.2025	9950394032293
18.01.2025	9484771909158
19.01.2025	64510663120405
20.01.2025	20907665126728
21.01.2025	13015702060080
22.01.2025	17174632092657
23.01.2025	24099592663558
24.01.2025	28271035371991
25.01.2025	19560866445953
26.01.2025	10178381588137
27.01.2025	20081944628641
28.01.2025	18388929257896
29.01.2025	19278394088283
30.01.2025	12360303613587
31.01.2025	32486835923470
01.02.2025	6425713705476
02.02.2025	27563319066088
03.02.2025	67674762361681
04.02.2025	91075135262468
05.02.2025	94603817233008
06.02.2025	20026147703001
07.02.2025	63453623794530
08.02.2025	17751869106110
09.02.2025	18413646417354
10.02.2025	27834879548948
11.02.2025	11023352530955
12.02.2025	19155879657156
13.02.2025	13733362768134
14.02.2025	31725328203667
15.02.2025	16491133970450
16.02.2025	38707424122334
17.02.2025	33320122304015
18.02.2025	18720052060664
19.02.2025	38221422813196
20.02.2025	17132653101159
21.02.2025	11477992236410
22.02.2025	8429135517127
23.02.2025	9754958022793
24.02.2025	20717849414435
25.02.2025	56123595487443
26.02.2025	47391887787056
27.02.2025	77877133560125
28.02.2025	96296436594795
01.03.2025	13802323262963
02.03.2025	12264328786908
03.03.2025	18042287165884
04.03.2025	5722268791304
05.03.2025	13271487872184
06.03.2025	13433319577883
07.03.2025	28854634501875
08.03.2025	6605106641305
09.03.2025	12984851986551
10.03.2025	96843042108191
11.03.2025	78619310243391
12.03.2025	185659188266377
13.03.2025	83279220605553
14.03.2025	145727237824519
15.03.2025	129210828768858
16.03.2025	279688623900383
17.03.2025	115631071887636
18.03.2025	67020425062335
19.03.2025	32334884578996
20.03.2025	150523242856651
21.03.2025	130990797641876
22.03.2025	154145260163305
23.03.2025	63419964569188
24.03.2025	50638383175872
25.03.2025	57134547764999
26.03.2025	19173978296364
27.03.2025	17955267880732
28.03.2025	25143382067887
29.03.2025	17986816887954
30.03.2025	12445870099744
31.03.2025	35531136395198
01.04.2025	30736946552812
02.04.2025	33920147336364
03.04.2025	89461757572409
04.04.2025	24052022339279
05.04.2025	29466949995791
06.04.2025	44093208047011
07.04.2025	96641264599820
08.04.2025	25930696964977
09.04.2025	28694789518408
10.04.2025	31303844546951
11.04.2025	33844773744184
12.04.2025	6504036083922
13.04.2025	11310907015294
14.04.2025	2885102091930618
15.04.2025	6844823007680334
16.04.2025	1352320995508483
17.04.2025	1013031962241707
18.04.2025	212159450556321
19.04.2025	192672526581545
20.04.2025	132271103779928
21.04.2025	9281481657526
22.04.2025	20511606205460
23.04.2025	888934942968539
24.04.2025	268571177774888
25.04.2025	10655431776569
26.04.2025	136064215660022
27.04.2025	6147940427635
28.04.2025	381958893945148
29.04.2025	70791643282334
30.04.2025	29912191740846
01.05.2025	33730349892001
02.05.2025	22896372442252
03.05.2025	12442942412662
04.05.2025	23016669864263
05.05.2025	26620179425330
06.05.2025	41037269273809
07.05.2025	1281635464467191
08.05.2025	926159927189651
09.05.2025	86643212009781
10.05.2025	20065623809922
11.05.2025	24773247076236
12.05.2025	21919912634951
13.05.2025	16379958491088
14.05.2025	19095080196760
15.05.2025	27196113463932
16.05.2025	9012402440581
17.05.2025	29701652992415
18.05.2025	9804607722687
19.05.2025	19198349110274
20.05.2025	22905311420742
21.05.2025	16960826175329
22.05.2025	904181118547963
23.05.2025	457615571247132
24.05.2025	467085378807452
25.05.2025	874178720987599
26.05.2025	135633990247799
27.05.2025	191812732742159
28.05.2025	247323104519594
29.05.2025	408435986330971
30.05.2025	38973939977371
31.05.2025	70107784074427
01.06.2025	377569668329722
02.06.2025	125861844772129
03.06.2025	48949099939260
04.06.2025	22101179468006
05.06.2025	23522742892347
06.06.2025	13349466806951
07.06.2025	11262350469257
08.06.2025	7712304337660
09.06.2025	71416747333343
10.06.2025	23046256372295
11.06.2025	25407639514742
12.06.2025	25967518495753
13.06.2025	15492914810036
14.06.2025	13809649606128
15.06.2025	13677588107366
16.06.2025	24839653119334
17.06.2025	24036179779278
18.06.2025	26926322998688
19.06.2025	14604749634366
20.06.2025	7241697756862
21.06.2025	18757959326923
22.06.2025	32330816550770
23.06.2025	21775190832939
24.06.2025	41631012154775
25.06.2025	63552602289817
26.06.2025	40815330924175
27.06.2025	58446702201884
28.06.2025	46578225085854
29.06.2025	59759503579596
30.06.2025	106156176238423
01.07.2025	93293339095783
02.07.2025	46137174405251
03.07.2025	90895948022088
04.07.2025	153182312966596
05.07.2025	21924286778607
06.07.2025	37063997545824
07.07.2025	34085412386210
08.07.2025	110704480420268
09.07.2025	74850124554668
10.07.2025	101875618025696
11.07.2025	76177267577323
12.07.2025	73390191597809
13.07.2025	93894098477330
14.07.2025	114760092940957
15.07.2025	40929026962935
16.07.2025	17477770559165
17.07.2025	44752504140662
18.07.2025	38819729639025
19.07.2025	33142192805922
20.07.2025	39712742763979
21.07.2025	40153465400269
22.07.2025	44606709390137
23.07.2025	67941512889093
24.07.2025	46313000062678
25.07.2025	42464359600774
26.07.2025	40921441352349
27.07.2025	18795335049362
28.07.2025	50852017896618
29.07.2025	54585340246610
30.07.2025	15048606482664
31.07.2025	36547871646336
01.08.2025	36794377505138
02.08.2025	45955588660840
03.08.2025	18490769099251
04.08.2025	36983650041262
05.08.2025	36127330049482
06.08.2025	32068775913885
07.08.2025	23365299005189
08.08.2025	86512901126587
09.08.2025	52736210078445
10.08.2025	37338158954364
11.08.2025	45516688099476
12.08.2025	67656719227758
13.08.2025	100340792880437
14.08.2025	58345295303738
15.08.2025	43579798102100
16.08.2025	37607748718446
17.08.2025	33401489147588
18.08.2025	51791400628328
19.08.2025	49901120194193
20.08.2025	139467927645305
21.08.2025	61521900778810
22.08.2025	44840483434278
23.08.2025	29583788141479
24.08.2025	42278193017614
25.08.2025	86735989584252
26.08.2025	37556495703777
27.08.2025	22668841658164
28.08.2025	28485595711243
29.08.2025	82073783095084
30.08.2025	22815333258460
31.08.2025	104711700063593
01.09.2025	30644907114897
02.09.2025	30502341625857
03.09.2025	30412684841561
04.09.2025	28241101049427
05.09.2025	39076542138057
06.09.2025	47232080214988
07.09.2025	109348530883496
08.09.2025	142137530396495
09.09.2025	31657027405709
10.09.2025	61641100902555
11.09.2025	19017017095415
12.09.2025	24481674309074
13.09.2025	29953594469145
14.09.2025	51318456527492
15.09.2025	50476770773443
16.09.2025	30619508473967
17.09.2025	45796258753442
18.09.2025	83563142945728
19.09.2025	34163944505166
20.09.2025	42128696191466
21.09.2025	49686568281335
22.09.2025	30584082799578
23.09.2025	56184988093143
24.09.2025	109612353408624
25.09.2025	106047386858819
26.09.2025	23368049625046
27.09.2025	31932925291159
28.09.2025	65047282970371
29.09.2025	278141584434683
30.09.2025	159281694911566
01.10.2025	479849340340998
02.10.2025	487346245769264
03.10.2025	311559779730807
04.10.2025	192948662217232
05.10.2025	150170420642636
06.10.2025	149883662475876
07.10.2025	106918753968781
08.10.2025	247993217492142
09.10.2025	294628183479887
10.10.2025	488876704081119
11.10.2025	753296395366003
12.10.2025	260798190266028
13.10.2025	158677621181360
14.10.2025	242498113232045
15.10.2025	98461562951432
16.10.2025	97187854250028
17.10.2025	366270358704157
18.10.2025	44795039131779
19.10.2025	47710159989519
20.10.2025	145658342776372
21.10.2025	181411956390584
22.10.2025	152806129100664
23.10.2025	177018753795164
24.10.2025	96089211313023
25.10.2025	49176299880714
26.10.2025	183687783882410
27.10.2025	180191346887098
28.10.2025	279826044676454
29.10.2025	173073880734525
30.10.2025	270889471240465
31.10.2025	321118748272687
01.11.2025	203263387244059
02.11.2025	140473200199070
03.11.2025	178606994428856
04.11.2025	487518169222398
05.11.2025	292454563089260
06.11.2025	247358370205945
07.11.2025	395676187179350
08.11.2025	287026312215465
09.11.2025	158746626655275
10.11.2025	194154263082097
11.11.2025	243809798690169
12.11.2025	228687133804472
13.11.2025	466849099089646
14.11.2025	193590124952542
15.11.2025	256906630730430
16.11.2025	155726350250279
17.11.2025	195229778434426
18.11.2025	164562220159312
19.11.2025	127520133292890
20.11.2025	166325070835609
21.11.2025	168904925205499
22.11.2025	115775886088260
23.11.2025	56248863221249
24.11.2025	81387957614812
25.11.2025	118277144122282
26.11.2025	126892153561942
27.11.2025	62054989483403
28.11.2025	80646145383562
29.11.2025	57278571203907
30.11.2025	62886105140518
01.12.2025	329507521096512
02.12.2025	137660454278697
03.12.2025	123064859891542
04.12.2025	148836648688108
05.12.2025	105712689430951
06.12.2025	122511146122901
07.12.2025	55337101024387
08.12.2025	59627341826152
09.12.2025	138068105627614
10.12.2025	131809948043503
11.12.2025	80121622007499
12.12.2025	78666376399172
13.12.2025	48506450580471
14.12.2025	46588668138759
15.12.2025	58458055255716
16.12.2025	40681323423688
17.12.2025	64642947391922
18.12.2025	99767182328246
19.12.2025	92453772719654
20.12.2025	71716041343758
21.12.2025	68680819521787
22.12.2025	43388224143392
23.12.2025	27179364910749
24.12.2025	86096364504670
25.12.2025	37774831691251
26.12.2025	31068436901121
27.12.2025	100184525244841
28.12.2025	44506064911722
29.12.2025	79868306656442
30.12.2025	59286887825038
31.12.2025	107581495844323
01.01.2026	29426459919801
02.01.2026	97964841644115
03.01.2026	37489443835757
04.01.2026	22329861719537
05.01.2026	39947572173831
06.01.2026	46820662129055
07.01.2026	40951625553172
08.01.2026	192040557158654
09.01.2026	81433430832823
10.01.2026	48550928389769
11.01.2026	39926247526275
12.01.2026	49050119411989
13.01.2026	56687332472565
14.01.2026	50306258712694
15.01.2026	83471930722347
16.01.2026	90591513474275
17.01.2026	235058207289346
18.01.2026	97853195164925
19.01.2026	159083944137853
20.01.2026	133474749347805
21.01.2026	96071168892469
22.01.2026	100456291507646
23.01.2026	56015655480400
24.01.2026	33403463976074
25.01.2026	44040743385859
26.01.2026	130480398904605
27.01.2026	96242812891913
28.01.2026	62929573115827
29.01.2026	60611912618711
30.01.2026	96447398140445
31.01.2026	72669035726487
01.02.2026	47649345467201
02.02.2026	56712068642415
03.02.2026	46652292344589
04.02.2026	89600187820112
05.02.2026	140933532776644
06.02.2026	81390954519078
07.02.2026	34249719653760
08.02.2026	24285126332228
09.02.2026	40194923320805
10.02.2026	33814927735755
11.02.2026	214949736442241
12.02.2026	62581922622993
13.02.2026	93421330435928
14.02.2026	95879922393740
15.02.2026	147194478215060
16.02.2026	317112993884742
17.02.2026	302198697810118
18.02.2026	205491468308839
19.02.2026	75640751154674
20.02.2026	38058742490702
21.02.2026	42414234132431
22.02.2026	85308571622762
23.02.2026	57141504682393
24.02.2026	82552614719519
25.02.2026	260249274499747
26.02.2026	1034010795616181
27.02.2026	157878269597562
28.02.2026	107463893435056
01.03.2026	62870771496759
02.03.2026	95091161537304
03.03.2026	52678733746611
04.03.2026	137680891076633
05.03.2026	76170636781116
06.03.2026	47767419216827
07.03.2026	43255480629892
08.03.2026	35736159313104
09.03.2026	40961010609693
10.03.2026	57783256705184
11.03.2026	70805009434084
12.03.2026	51694630388491
13.03.2026	110216285014654
14.03.2026	82201701960727
15.03.2026	101228148861889
16.03.2026	80179303124147
17.03.2026	75830186083385
18.03.2026	99534180112018
19.03.2026	27795506358
